_id,index,availableCount,timeoutStartedAt,timedOutAt,queuedPlayerIds,playerIds,gameId,treatmentId,batchId,lobbyConfigId,createdAt
7b2i88z9SEAviASrx,0,2,2024-01-26T18:03:33Z,,"9FuHMMfKzxaxBoCTC,ri7dJqSWmjQbqqTB4","ri7dJqSWmjQbqqTB4,9FuHMMfKzxaxBoCTC",7b2i88z9SEAviASrx,GXvtWgeBWwWH4Rbac,mMTrBbRaF6RAeZbRn,xYX7EarZmjKNNFLrz,2024-01-26T18:02:21Z
cGpuAfzZsYmEgn2h7,0,2,2024-01-30T23:24:50Z,,"4i27Fz5qafX7Bnk2g,PGzw2pLrWYYbjLFT4","4i27Fz5qafX7Bnk2g,PGzw2pLrWYYbjLFT4",cGpuAfzZsYmEgn2h7,GXvtWgeBWwWH4Rbac,zfN32gvAuzz2o66t2,xYX7EarZmjKNNFLrz,2024-01-26T18:07:35Z
sumxZQYrJRWLCwT6X,0,2,,,BuRzXSB5jTHX5jiQT,,,GXvtWgeBWwWH4Rbac,JhXbKStcTh362F6xk,xYX7EarZmjKNNFLrz,2024-01-26T18:07:35Z
n8cJ6h2PZuSRoqhHx,0,2,,,BuRzXSB5jTHX5jiQT,,,GXvtWgeBWwWH4Rbac,5HoJAgqwv5ZaF4aGt,xYX7EarZmjKNNFLrz,2024-01-26T18:07:36Z
mXimRcn42LpiNDXk3,0,2,2024-02-01T21:10:30Z,,"sXD4wDcZqEkvxTNCW,jCgZYJzeiNXcy4Nfx",jCgZYJzeiNXcy4Nfx,,GXvtWgeBWwWH4Rbac,jYut7YNdCx8XwiFAH,xYX7EarZmjKNNFLrz,2024-02-01T21:08:47Z
jbNPQDaixXJiohdHT,0,2,2024-02-01T21:15:19Z,,"fx5Fzjt8zxmirFQRR,bSXB8Kvy7TpMFsPkb","bSXB8Kvy7TpMFsPkb,fx5Fzjt8zxmirFQRR",jbNPQDaixXJiohdHT,GXvtWgeBWwWH4Rbac,nZtbjuHifKrTHbjpR,xYX7EarZmjKNNFLrz,2024-02-01T21:14:05Z
zsoZornQwkwLajDo7,0,2,,,"4phbsaELrPnvEDAGJ,qv6XZrZihy8PGifpb,TR8YSRnSFowWSyBFi,FwhRDhX6WEJrAKRfn",,,GXvtWgeBWwWH4Rbac,Ntmfbpr38Yj8LF57m,xYX7EarZmjKNNFLrz,2024-02-02T22:51:36Z
wZjbfhrspeGWasTCY,0,2,,,MsJvivpZhzp3amM5n,,,GXvtWgeBWwWH4Rbac,qX54x3Cu32zN3uB4B,xYX7EarZmjKNNFLrz,2024-02-02T22:59:00Z
hDejgteDNZXYTt9CJ,0,2,2024-02-21T22:33:23Z,,"LqHGM4eYu7vJQjDMS,hsF9aKx3PpGRHzPHv,hSXvd8brq5JXj2ybs,GXx5wZfcbWvNNZv8k,EqDWErByiDmxsoxtf,riYYuv7swNux3ZLjx,xYNM57qSsiSkEKacv,dSZcusrtZnKNNb7v2,goKDfPp9yRAuYkzHo,gNSS3QhDtPW7Qs9gM,D5e8ssoRWeMTmKSZi,6qiSqLfNv2fMQbcRP,RfHTRDn545WrsDyJA","6qiSqLfNv2fMQbcRP,RfHTRDn545WrsDyJA",hDejgteDNZXYTt9CJ,GXvtWgeBWwWH4Rbac,mvuBPmubWEtLZB9oj,DmrZpmbCRJP7wy2ED,2024-02-21T20:00:10Z
Zpoo83ofRo8329Dvn,0,2,,,,,,GXvtWgeBWwWH4Rbac,5gamQ492Mb4A5X8iT,DmrZpmbCRJP7wy2ED,2024-02-22T01:01:06Z
7rW5bxtBdLL8fkRMk,0,2,2024-02-22T01:08:28Z,,"E2s2HwPKNuBxRAsTC,DxqFxYuC3d9ZDPm7G,emmB74j6Y4qj9dL9G","emmB74j6Y4qj9dL9G,DxqFxYuC3d9ZDPm7G",7rW5bxtBdLL8fkRMk,GXvtWgeBWwWH4Rbac,Ndd2h6i9wmd87CSXn,DmrZpmbCRJP7wy2ED,2024-02-22T01:04:17Z
CZunwxHwrjetCSojF,0,2,,,"9YiJBEKFhKCed8kCL,YtkBiYQSjXre38PNA,XDJLpHxaRJfPqiBHa,fY5S4DkjNigJhis7k",,,GXvtWgeBWwWH4Rbac,dAn9QnYEkoFmjbSRu,xYX7EarZmjKNNFLrz,2024-02-22T01:19:05Z
kK6aYco5iYjRr7zdc,0,2,,,"o48qzdxbRXsTJN2Jt,xixm2pjCDDu6Q4c5C",,,GXvtWgeBWwWH4Rbac,RczguwkhbmbDvmxp9,DmrZpmbCRJP7wy2ED,2024-02-29T01:11:06Z
wXoP9BNAwSL7CPTzv,0,2,2024-02-29T01:27:51Z,,"c4x6PkknAhdX8KNte,xFnS5hkJjy9Rejcd6,LJLa9jLkZ9Ji4fxY4","LJLa9jLkZ9Ji4fxY4,c4x6PkknAhdX8KNte",wXoP9BNAwSL7CPTzv,GXvtWgeBWwWH4Rbac,dN4Yh9GG8zSGNmJfg,DmrZpmbCRJP7wy2ED,2024-02-29T01:15:14Z
ThwGZaPh92iRQFR3C,0,2,2024-02-29T01:39:42Z,,"D7zNExRsbmDuQE8BA,NkEfxFsufTY4zwL6Q","D7zNExRsbmDuQE8BA,NkEfxFsufTY4zwL6Q",ThwGZaPh92iRQFR3C,GXvtWgeBWwWH4Rbac,MNfasKAgp7E8avm2j,xYX7EarZmjKNNFLrz,2024-02-29T01:36:08Z
yNxLuQYs99rgcor8k,0,2,2024-03-08T21:35:21Z,,"ecwgPWwDLrYhMKyMF,PYxun88yozSroCR6v","PYxun88yozSroCR6v,ecwgPWwDLrYhMKyMF",yNxLuQYs99rgcor8k,GXvtWgeBWwWH4Rbac,usvjneF4QoSHHhJHu,xYX7EarZmjKNNFLrz,2024-03-08T21:23:11Z
mA6x3S2KxjWJRLBhv,0,2,2024-03-08T22:16:06Z,,"jj8Ff4tfRP7PfsuyA,ToHiQRtwQreEmwwT4","ToHiQRtwQreEmwwT4,jj8Ff4tfRP7PfsuyA",mA6x3S2KxjWJRLBhv,GXvtWgeBWwWH4Rbac,9JF3MyauhEGrc5Per,xYX7EarZmjKNNFLrz,2024-03-08T22:12:42Z
2SbQiwYJb6yCs65kq,0,2,2024-03-13T21:00:39Z,,"X9xNaQFxKbC2e9fbv,uC2Hn364eCJkQANoc","uC2Hn364eCJkQANoc,X9xNaQFxKbC2e9fbv",2SbQiwYJb6yCs65kq,GXvtWgeBWwWH4Rbac,JFMRSpBTuCSzQdNbC,DmrZpmbCRJP7wy2ED,2024-03-13T20:44:23Z
H5JPm4FPSsgLGGqiQ,0,2,,,aQpCL4wLMst42aFWC,,,GXvtWgeBWwWH4Rbac,YsMyzwJnL8eyBrccZ,DmrZpmbCRJP7wy2ED,2024-03-13T21:39:33Z
MNMWiBjzQi8sZSRsW,0,2,2024-03-13T22:28:29Z,,"SesyhjC4zCmFkxeT5,RHrZooFDyYmHZFHCe,pdfTtRqfujmGqN2sP","RHrZooFDyYmHZFHCe,SesyhjC4zCmFkxeT5",MNMWiBjzQi8sZSRsW,GXvtWgeBWwWH4Rbac,5qCb6jbMptevxa8yK,DmrZpmbCRJP7wy2ED,2024-03-13T21:45:01Z
ebcrvzguK3DYbMKDS,0,2,,,,,,GXvtWgeBWwWH4Rbac,hrDqzu7vDZTL5NDT4,DmrZpmbCRJP7wy2ED,2024-04-10T20:39:54Z
jdbptcSwLuKmPok9v,0,2,,,,,,GXvtWgeBWwWH4Rbac,c2qv7TYfHrj4cnEQv,DmrZpmbCRJP7wy2ED,2024-04-10T20:39:54Z
6aL4LezWRiqrbxoJr,0,2,,,,,,GXvtWgeBWwWH4Rbac,hAoeFwJditARnLNfX,DmrZpmbCRJP7wy2ED,2024-04-10T20:39:54Z
TDdHXhZK29W9z7d8H,0,2,2024-04-10T21:02:34Z,,"nMoNuRunQZACX5zjh,kD6QnLnxmM5Y4SqXb,44AvMCLLPh3R5LSew,winzLi5x3sKeido86","44AvMCLLPh3R5LSew,winzLi5x3sKeido86",TDdHXhZK29W9z7d8H,GXvtWgeBWwWH4Rbac,KEGcP6JWS3oNKCxCx,DmrZpmbCRJP7wy2ED,2024-04-10T20:39:54Z
R83tnLDcgGTD3F4SR,0,2,2024-04-10T22:23:21Z,,"YqQsuWk7ZmsvX4y6x,dmbkYstoeSsZqfz9k","YqQsuWk7ZmsvX4y6x,dmbkYstoeSsZqfz9k",R83tnLDcgGTD3F4SR,GXvtWgeBWwWH4Rbac,6x8AqZ4At5SsEzaGR,DmrZpmbCRJP7wy2ED,2024-04-10T21:59:38Z
p43y2EYQJRE3EmFji,0,2,,,TCZzC2hm246G6GEoS,,,GXvtWgeBWwWH4Rbac,kmqm7utXLTqXFP6D8,DmrZpmbCRJP7wy2ED,2024-04-12T21:11:38Z
42oRqWQApFRrQxnQZ,0,2,,,,,,GXvtWgeBWwWH4Rbac,RCr3rfR99tzCz7tFo,xYX7EarZmjKNNFLrz,2024-04-12T21:12:57Z
KPBNaTzQ8rxDECjgD,0,2,2024-04-12T22:24:36Z,,"FzQKZDG5ba6TPLMHP,pGJCcvmmCp6RjwAqP","pGJCcvmmCp6RjwAqP,FzQKZDG5ba6TPLMHP",KPBNaTzQ8rxDECjgD,GXvtWgeBWwWH4Rbac,rLSynr48hC9TuoB8i,DmrZpmbCRJP7wy2ED,2024-04-12T21:13:52Z
4t6AuWKYCpnExt7g5,0,2,,,"BzL5uwu9d7jj6GGRL,PqmMXiafa6qena7cp",,,GXvtWgeBWwWH4Rbac,rKxytYdmSY49oXvnb,xYX7EarZmjKNNFLrz,2024-04-12T22:38:22Z
n2qx434RYW8fxnEbP,0,2,2024-04-12T22:43:49Z,,"tLjerSJXueMuGoRPk,eNvBDSv9jpbDj2EMB","tLjerSJXueMuGoRPk,eNvBDSv9jpbDj2EMB",n2qx434RYW8fxnEbP,GXvtWgeBWwWH4Rbac,899Bsj8zv8ZPcWA3w,DmrZpmbCRJP7wy2ED,2024-04-12T22:41:08Z
e7CCfKx8pCa5SZYQf,0,2,,,"XxH24HbshYW9pSrpa,PajpEcLqFth2Ch6th",,,GXvtWgeBWwWH4Rbac,K6mm9cTSncpCDEcjX,DmrZpmbCRJP7wy2ED,2024-04-24T20:43:56Z
XA9YvXhM83Tack4qy,0,2,2024-05-22T21:02:57Z,,"R4kpBMCfLjPmCGjHw,xFHSqNqpYeL6FJsph","xFHSqNqpYeL6FJsph,R4kpBMCfLjPmCGjHw",XA9YvXhM83Tack4qy,GXvtWgeBWwWH4Rbac,3Huvs3Tvh6RMEMABb,DmrZpmbCRJP7wy2ED,2024-05-22T20:48:37Z
t4pWGbYyLsPptrar3,0,2,2024-05-22T21:31:47Z,,"bCgcGxuBwvvKoqDDf,dXYf3uYrb47drAPc4","dXYf3uYrb47drAPc4,bCgcGxuBwvvKoqDDf",t4pWGbYyLsPptrar3,GXvtWgeBWwWH4Rbac,fnQekFvtKAoX8hBaf,DmrZpmbCRJP7wy2ED,2024-05-22T21:28:39Z
uidAFavaAGAqJ8HYY,0,2,2024-05-22T21:34:54Z,,"cyrcy2HBFcNBtsg4h,KFFQNQ7pvBSuzuGLW","KFFQNQ7pvBSuzuGLW,cyrcy2HBFcNBtsg4h",uidAFavaAGAqJ8HYY,GXvtWgeBWwWH4Rbac,WDA7FHDym2nBbpc8F,DmrZpmbCRJP7wy2ED,2024-05-22T21:33:42Z
wQLjFtAekop6WwfnK,0,2,,,,,,GXvtWgeBWwWH4Rbac,nCqhNMe75KkCi6kTa,DmrZpmbCRJP7wy2ED,2024-05-22T21:33:42Z
PzY262nZXQrzoiF7i,0,2,,,"GtW86SB2HnkujEQmc,i9pA6k4H6kb4JYN87",,,GXvtWgeBWwWH4Rbac,bLTbeyyeYvaBcin3n,DmrZpmbCRJP7wy2ED,2024-05-24T20:57:58Z
LLjp3dnxatyn5vmRK,0,2,,,,,,GXvtWgeBWwWH4Rbac,rzBaXk7kdBW2gbYSi,DmrZpmbCRJP7wy2ED,2024-05-24T21:11:29Z
XHYAxKnSNRMEbigrq,0,2,2024-05-24T21:14:46Z,,"rYQCSSd2cuFN8iytE,x9GdMs72QeL9tzYLK","rYQCSSd2cuFN8iytE,x9GdMs72QeL9tzYLK",XHYAxKnSNRMEbigrq,GXvtWgeBWwWH4Rbac,yueirKW4jfwkdQwY4,DmrZpmbCRJP7wy2ED,2024-05-24T21:11:48Z
wekFcQMFcA9KuDP3K,0,2,,,,,,GXvtWgeBWwWH4Rbac,5TSd7ZyFYp4a8WL45,DmrZpmbCRJP7wy2ED,2024-05-24T21:27:47Z
hJpvMDAGbivw5brDm,0,2,,,,,,GXvtWgeBWwWH4Rbac,3vApPh8kbybYNiJsg,DmrZpmbCRJP7wy2ED,2024-05-24T21:27:47Z
sfLKxjjG6efGYekzK,0,2,2024-05-24T21:31:08Z,,"LXceLbLw3TggdGY6N,Q2B8YYWA2iCgX9NJD","LXceLbLw3TggdGY6N,Q2B8YYWA2iCgX9NJD",sfLKxjjG6efGYekzK,GXvtWgeBWwWH4Rbac,F2rnniwmdLLAySRvA,DmrZpmbCRJP7wy2ED,2024-05-24T21:27:47Z
Qx7HLhhMwYRCosRyX,0,2,2024-05-29T21:11:14Z,,"QtLrotQ93ezYGxqrD,8tkeGX73sYjXZ2Stz","8tkeGX73sYjXZ2Stz,QtLrotQ93ezYGxqrD",Qx7HLhhMwYRCosRyX,GXvtWgeBWwWH4Rbac,LNbscQj5X5FTHPYj7,DmrZpmbCRJP7wy2ED,2024-05-29T20:54:33Z
EaHFpvRKrAeZqnBz6,0,2,2024-05-29T21:27:50Z,,"fzJoXvmjSoKcdaBCF,ciAi77ozvS6vJpgq4","ciAi77ozvS6vJpgq4,fzJoXvmjSoKcdaBCF",EaHFpvRKrAeZqnBz6,GXvtWgeBWwWH4Rbac,CxWmgFKzbDAwW7wN3,DmrZpmbCRJP7wy2ED,2024-05-29T21:21:58Z
pxT5YubmAaAEgd9T9,0,2,2024-05-31T21:24:01Z,,"Nw4PKQk5SmPathdy3,9EsapAj7YwJk8BjxT,Ha65QcSCAZP8vorq2","Ha65QcSCAZP8vorq2,Nw4PKQk5SmPathdy3",pxT5YubmAaAEgd9T9,GXvtWgeBWwWH4Rbac,vvGwqLWSMxGeqT6eB,DmrZpmbCRJP7wy2ED,2024-05-31T21:08:01Z
9sqursaDPmhLcuDGi,0,2,,,"9hGKMDi9QukqozTv2,sC5LJpMH4qMNBtwsL",,,GXvtWgeBWwWH4Rbac,LKrdgRicpwsyJm2dB,DmrZpmbCRJP7wy2ED,2024-05-31T21:57:04Z
uT4ySBFpCWunpYMmn,0,2,2024-06-05T21:05:47Z,,"ttZtD8yeHN6N4WvxC,eacmPfRPB8NnMc7oD","eacmPfRPB8NnMc7oD,ttZtD8yeHN6N4WvxC",uT4ySBFpCWunpYMmn,GXvtWgeBWwWH4Rbac,3i6M48gjdMNNzPRKZ,DmrZpmbCRJP7wy2ED,2024-06-05T20:52:25Z
esRsYDnvinX2AqhF5,0,2,,,,,,GXvtWgeBWwWH4Rbac,acbEf4ZjS7dYhL6K2,DmrZpmbCRJP7wy2ED,2024-06-05T21:20:47Z
RJMmygGsnJG78jSh7,0,2,,,,,,GXvtWgeBWwWH4Rbac,tjbK47RMp3eAM8zQg,DmrZpmbCRJP7wy2ED,2024-06-05T21:20:47Z
iRoAhttnXMgZ4Fw3x,0,2,2024-06-05T21:23:52Z,,"WscJqrmfh4nwdNHyR,5qrMbszerrfKzRHTs","WscJqrmfh4nwdNHyR,5qrMbszerrfKzRHTs",iRoAhttnXMgZ4Fw3x,GXvtWgeBWwWH4Rbac,QAqRucjgdAhBxWdnC,DmrZpmbCRJP7wy2ED,2024-06-05T21:20:47Z
xJgA2tzRuhyqvTtHH,0,2,2024-06-24T20:57:03Z,,"PdT5myDNwPPhXD688,YF9JHdcAyHefCYf6w","YF9JHdcAyHefCYf6w,PdT5myDNwPPhXD688",xJgA2tzRuhyqvTtHH,GXvtWgeBWwWH4Rbac,C3Qn5jGXZQfBGFruQ,DmrZpmbCRJP7wy2ED,2024-06-24T20:49:37Z
HeLAR8PrhN4YGu52T,0,2,,,,,,GXvtWgeBWwWH4Rbac,zEmeXY3xNEbfGK5Kn,DmrZpmbCRJP7wy2ED,2024-06-24T21:03:05Z
h2wc8h5nFrShetTam,0,2,,,,,,GXvtWgeBWwWH4Rbac,pEgna3CA9LJrX5hKi,DmrZpmbCRJP7wy2ED,2024-06-24T21:03:44Z
JWfrJE4ihdvp5J3aS,0,2,2024-07-03T21:45:06Z,,"3PTKq2k9oKr4kTivx,f3j8Fhi9Q4pdaAXCt","3PTKq2k9oKr4kTivx,f3j8Fhi9Q4pdaAXCt",JWfrJE4ihdvp5J3aS,GXvtWgeBWwWH4Rbac,WPXDFyrqJos2Jtjr3,xYX7EarZmjKNNFLrz,2024-07-03T21:35:00Z
TRGNN84SNYiepq2g4,0,2,,,"3AKh4Zxq4fseaKr99,sgcZzeKt4chWdi4wm",,,GXvtWgeBWwWH4Rbac,gozewhauv5dvE82AN,xYX7EarZmjKNNFLrz,2024-07-05T17:39:29Z
QGMdzEERgzZ5FkRTd,0,2,2024-07-05T18:11:21Z,,"WQBjiS8Nk93iWjbuy,nWq9NHEgSZMQ8XM3p","nWq9NHEgSZMQ8XM3p,WQBjiS8Nk93iWjbuy",QGMdzEERgzZ5FkRTd,GXvtWgeBWwWH4Rbac,7pNx8fmSBQpunqbPP,xYX7EarZmjKNNFLrz,2024-07-05T18:04:30Z
qAfpxTajS9YwMSmjY,0,2,2024-07-05T18:32:09Z,,"aat9Yz8XYbCvs54an,SSmwubqK6Ls4Xun2d","aat9Yz8XYbCvs54an,SSmwubqK6Ls4Xun2d",qAfpxTajS9YwMSmjY,GXvtWgeBWwWH4Rbac,mkrtE4A6gby7zc6dW,xYX7EarZmjKNNFLrz,2024-07-05T18:24:02Z
8nKnSaKQMALZFJCFm,0,2,2024-07-08T20:53:24Z,,"56K58QwQ9n5pRwAfN,4bH4nNLSzbSPmh9zv","56K58QwQ9n5pRwAfN,4bH4nNLSzbSPmh9zv",8nKnSaKQMALZFJCFm,GXvtWgeBWwWH4Rbac,vFSB7ijs2XRids7jM,xYX7EarZmjKNNFLrz,2024-07-08T20:05:34Z
Wasyvjdg7yugpCSaF,0,2,2024-07-08T22:25:17Z,,"QyEFzF9h6cQRDeuMB,gpGwZ67sSuynG27dd","QyEFzF9h6cQRDeuMB,gpGwZ67sSuynG27dd",Wasyvjdg7yugpCSaF,GXvtWgeBWwWH4Rbac,oZsD8r75XMkNgTu5A,xYX7EarZmjKNNFLrz,2024-07-08T21:27:10Z
Wm4AvWkcFEBQdeXkF,0,2,2024-07-08T22:35:04Z,,"3EHXcEcTFEv3snp25,ZkKwiugesBCvPbYEf","3EHXcEcTFEv3snp25,ZkKwiugesBCvPbYEf",Wm4AvWkcFEBQdeXkF,GXvtWgeBWwWH4Rbac,8dnF9mRCR93LJCSJd,xYX7EarZmjKNNFLrz,2024-07-08T22:32:43Z
6NZ8uhHHsyQ9m8jRC,0,2,2024-07-09T16:47:46Z,,"WNZuSbmMnKf5AeenN,jSS5pZu4x6eyAJGHh","WNZuSbmMnKf5AeenN,jSS5pZu4x6eyAJGHh",6NZ8uhHHsyQ9m8jRC,GXvtWgeBWwWH4Rbac,Q5Wgu3mSyQpxXWQi6,DmrZpmbCRJP7wy2ED,2024-07-09T16:10:57Z
DD5546uyAjpEZB7Df,0,2,2024-07-09T17:53:49Z,,"tBh4yNpWL5amgZRsR,utG5NgnYPB7QdEdsr","tBh4yNpWL5amgZRsR,utG5NgnYPB7QdEdsr",DD5546uyAjpEZB7Df,GXvtWgeBWwWH4Rbac,LLMSD5AgmAy6wP7nB,DmrZpmbCRJP7wy2ED,2024-07-09T17:15:03Z
ku3ztvaAALvwJNEFk,0,2,2024-07-11T16:53:24Z,,"EEt67KQ3a7TFHxpNb,PJ8m4c7vL2BLHDavL","EEt67KQ3a7TFHxpNb,PJ8m4c7vL2BLHDavL",ku3ztvaAALvwJNEFk,GXvtWgeBWwWH4Rbac,2sB2BFhtL63JncXQy,DmrZpmbCRJP7wy2ED,2024-07-11T16:03:26Z
ncCSnSCuBQHP4moaA,0,2,,,"4ixb33ko6X8QJJEsL,b5eEGhCGjCdsMYthS",,,GXvtWgeBWwWH4Rbac,CfKL8Kn3uXp6hW3ba,DmrZpmbCRJP7wy2ED,2024-07-11T17:08:23Z
WcEaqZRmgk5YCnxPZ,0,2,2024-07-15T21:31:11Z,,"ESJMCRgzyTqh7L2zh,pK949SkHeh58rAaMw","ESJMCRgzyTqh7L2zh,pK949SkHeh58rAaMw",WcEaqZRmgk5YCnxPZ,GXvtWgeBWwWH4Rbac,Kvgqow99X557639Br,DmrZpmbCRJP7wy2ED,2024-07-12T20:27:06Z
bdP926RRpqncstkCo,0,2,,,"mvETB8iNZ4ssSTedZ,SC6YQQDhvtZ55C9Qk",,,GXvtWgeBWwWH4Rbac,FExXMj22msf7CRkt2,DmrZpmbCRJP7wy2ED,2024-07-15T22:21:03Z
8Pg9tqNTkvAHXD4YW,0,2,2024-07-16T16:57:22Z,,"uGTjXyfPq7WgE2mQ2,W2iiRPRfogAnYFYsh,Hz7fe9B6nETa2Tx4E","uGTjXyfPq7WgE2mQ2,Hz7fe9B6nETa2Tx4E",8Pg9tqNTkvAHXD4YW,GXvtWgeBWwWH4Rbac,jSDzQTxPZLYrpKRa9,DmrZpmbCRJP7wy2ED,2024-07-16T16:01:02Z
D6vdTyHjB9pWy9oTk,0,2,2024-07-16T17:53:23Z,,"F6PawLeFoySsTWrGz,p7LCznNiuftTY9ERr","F6PawLeFoySsTWrGz,p7LCznNiuftTY9ERr",D6vdTyHjB9pWy9oTk,GXvtWgeBWwWH4Rbac,eTJBiyJofPnTWn8gy,DmrZpmbCRJP7wy2ED,2024-07-16T17:48:20Z
F35AwXNeMjhzbWkKq,0,2,2024-07-18T16:43:09Z,,"3fGxsRtnQ7kCX9NHT,3GL5EmQqtFMuxsWDL","3fGxsRtnQ7kCX9NHT,3GL5EmQqtFMuxsWDL",F35AwXNeMjhzbWkKq,GXvtWgeBWwWH4Rbac,PXJ5pQErdzNBSukXH,DmrZpmbCRJP7wy2ED,2024-07-18T16:02:38Z
xwPovSuJgpqMFZruP,0,2,2024-07-30T16:22:13Z,,"iGpaGvwjgFTdecTJ8,hFAWXzZwwTzvBc68K","hFAWXzZwwTzvBc68K,iGpaGvwjgFTdecTJ8",xwPovSuJgpqMFZruP,GXvtWgeBWwWH4Rbac,RDf4CYmwCHkbnzqet,DmrZpmbCRJP7wy2ED,2024-07-19T19:15:58Z
xCb7R5sWCQw6TeLGA,0,2,2024-07-30T16:57:33Z,,"E3mdMraJw9exQzdT6,2Ssat8tCCspLhWmnJ","2Ssat8tCCspLhWmnJ,E3mdMraJw9exQzdT6",xCb7R5sWCQw6TeLGA,GXvtWgeBWwWH4Rbac,qmjZE2Lii9QjrBFC8,DmrZpmbCRJP7wy2ED,2024-07-30T16:34:52Z
5LuHx6piA3FAjEEvF,0,2,2024-07-30T17:51:43Z,,"8SaLFtQXBKTtFF3KX,zR2Wrmt55GTDN7Qe6","8SaLFtQXBKTtFF3KX,zR2Wrmt55GTDN7Qe6",5LuHx6piA3FAjEEvF,GXvtWgeBWwWH4Rbac,gCNnF5TCTZB3tRqMp,DmrZpmbCRJP7wy2ED,2024-07-30T17:09:53Z
yubEzRSKnPkFZDJWS,0,2,2024-08-01T17:03:18Z,,"wvyeXQMfTsXddKkgu,rekRTimhWtbJGGM2Y","wvyeXQMfTsXddKkgu,rekRTimhWtbJGGM2Y",yubEzRSKnPkFZDJWS,GXvtWgeBWwWH4Rbac,xGavG43DppYkk9466,DmrZpmbCRJP7wy2ED,2024-08-01T16:03:13Z
GdxgdDaNrmnpHhnSc,0,2,2024-08-01T17:53:35Z,,"TsMyCYubNAAgEz7am,HuWo5rcEtvg4QqmJd","TsMyCYubNAAgEz7am,HuWo5rcEtvg4QqmJd",GdxgdDaNrmnpHhnSc,GXvtWgeBWwWH4Rbac,a6umph7LbtPsYQzYw,DmrZpmbCRJP7wy2ED,2024-08-01T17:22:11Z
ZdZx6K6ecNYj9KbGY,0,2,2024-08-01T20:33:08Z,,"hSkGjJJWZev73avWz,kFxJXdMeA2HaNuppu","kFxJXdMeA2HaNuppu,hSkGjJJWZev73avWz",ZdZx6K6ecNYj9KbGY,GXvtWgeBWwWH4Rbac,7mvw6D8WKectJ25wq,DmrZpmbCRJP7wy2ED,2024-08-01T20:08:56Z
dB9YzNzRys7hBXjzu,0,2,2024-08-01T21:25:50Z,,"ZQdyhwezzj8QFM2pf,BqmtqePzJ6Bww2JMA","BqmtqePzJ6Bww2JMA,ZQdyhwezzj8QFM2pf",dB9YzNzRys7hBXjzu,GXvtWgeBWwWH4Rbac,ay2gPorBbjeAB5SnT,DmrZpmbCRJP7wy2ED,2024-08-01T21:08:30Z
eqxTepQjfWyhW5s7a,0,2,2024-08-01T22:22:34Z,,"Lvki9NJikQ4RGPpd3,bpsfnzX3ofrwzZtQE","Lvki9NJikQ4RGPpd3,bpsfnzX3ofrwzZtQE",eqxTepQjfWyhW5s7a,GXvtWgeBWwWH4Rbac,9JPyTfxW3yexFDLQD,DmrZpmbCRJP7wy2ED,2024-08-01T21:49:35Z
Doyf4BCTAGKcZo7rC,0,2,2024-08-02T21:19:54Z,,"pKar7pTzFFC5ysRoL,fRuZncWXCE9L99CBR","fRuZncWXCE9L99CBR,pKar7pTzFFC5ysRoL",Doyf4BCTAGKcZo7rC,GXvtWgeBWwWH4Rbac,tifm4B4HhhvCuPHDJ,DmrZpmbCRJP7wy2ED,2024-08-02T20:25:44Z
GCpwyMdn9qNTNhyqf,0,2,2024-08-06T16:29:32Z,,"2tXPo3BLSmr3j5yeq,a2nu9vtnbKPTjo5EY","2tXPo3BLSmr3j5yeq,a2nu9vtnbKPTjo5EY",GCpwyMdn9qNTNhyqf,GXvtWgeBWwWH4Rbac,KFkTDodDju3vjyNcd,DmrZpmbCRJP7wy2ED,2024-08-02T21:35:09Z
S9c9v6fAqdxuedydx,0,2,2024-08-06T16:48:30Z,,"RX5Dioj9vYGLEWAH9,5yHkv5QFdrf6qLYeJ","5yHkv5QFdrf6qLYeJ,RX5Dioj9vYGLEWAH9",S9c9v6fAqdxuedydx,GXvtWgeBWwWH4Rbac,FzL64RBhibPf9BSKF,DmrZpmbCRJP7wy2ED,2024-08-06T16:38:00Z
RZu2haHpawM28eRuK,0,2,2024-08-08T16:37:35Z,,"cNr7yvedfAHLGNgi2,DH2C4R2cDzNh2KiEE","cNr7yvedfAHLGNgi2,DH2C4R2cDzNh2KiEE",RZu2haHpawM28eRuK,GXvtWgeBWwWH4Rbac,vnRzsee9sdkHfiKAy,DmrZpmbCRJP7wy2ED,2024-08-06T17:09:43Z
6FrMxuQqHPG6BQ4id,0,2,2024-08-08T17:54:23Z,,"WsFynTcESnRu9RH6t,dtnKX7TikEPnQu7cr","WsFynTcESnRu9RH6t,dtnKX7TikEPnQu7cr",6FrMxuQqHPG6BQ4id,GXvtWgeBWwWH4Rbac,f7oQqu4ro8SHMdPau,DmrZpmbCRJP7wy2ED,2024-08-08T16:06:14Z
