_id,finishedAt,gameLobbyId,treatmentId,roundIds,playerIds,batchId,createdAt,data.targetSet,data.context,data.feedback,data.chat,data.rotateInterval,data.speakerQueue,data.currentSpeaker,data.justStarted,data.activePlayerCount
7b2i88z9SEAviASrx,2024-01-26T18:05:46Z,7b2i88z9SEAviASrx,GXvtWgeBWwWH4Rbac,"3MYgKyuT53Mo8ZbBf,KJbdpxCqKT6BAYjsn,HKZAm7rXsqQGz2Rim,EZKeNLrNypnJtCE5Y,p7qYYoHPgduRktaWP,SGkwoZsShEZnjMQx3,PQ69rBrkLQzTZJehr,rFFXinLaSPhK3Zshm,kDL7cwAX3u7dChfQt,HtkkYeWjBaFD83w8H,QE8Eg5Bq55Cbi3KnA,hKtpSq4nyjtNYs9hL,bC8a8aFC7wW6CvvAo,6ffEnuQQWuGSKsaju,e5BD856pnYQJGiWgh,dHANuY29mKKiGzMhn,G4cDMy8hzDTZL6z9T,cQCmEw5mHWqf6TDNr,pRXoYhuxWsSQhzrbd,39Teqeu5fkWcmBB9p,Rv49va8JWPzTbfJLD","9FuHMMfKzxaxBoCTC,ri7dJqSWmjQbqqTB4",mMTrBbRaF6RAeZbRn,2024-01-26T18:03:37Z,setA,"/experiment/B1.jpg,/experiment/D1.jpg,/experiment/E1.jpg,/experiment/I1.jpg",full,limited,1,"ri7dJqSWmjQbqqTB4,9FuHMMfKzxaxBoCTC",9FuHMMfKzxaxBoCTC,false,2
cGpuAfzZsYmEgn2h7,2024-01-31T00:14:59Z,cGpuAfzZsYmEgn2h7,GXvtWgeBWwWH4Rbac,"6bKSGeZS5xJtBhz36,rp28kHJj3iyPHigdm,jSoH8g7ZZXT583nzd,CKAFeaFS7G9a5PgLz,NwNnqFhqNXojQrBje,hk853w63zLj8DikS5,Jt5eXfRnjndCFhLrN,HJrHhH9mthWRqDgZJ,oj9XyXztPBavviLmd,8jcBAqYKWBFefyeuz,6q3nh82RTnaWBKKDT,tTdWpBuuonh9dvhHf,Z46yLjwDdbeiZihKG,ifqv3QXn7pfpfsn8u,37xDyX3C6izJXqcah,9YoDtwsw3f7XnQeWJ,H9MdBGfFYB87tHH6S,882xc8cWhPXMhNhLN,dtTeWMMYF5uxdiLbB,auKkJMehDmiL4aW9e,jXu7iGh9gNgjaiGSz","4i27Fz5qafX7Bnk2g,PGzw2pLrWYYbjLFT4",zfN32gvAuzz2o66t2,2024-01-30T23:24:55Z,setA,"/experiment/B1.jpg,/experiment/D1.jpg,/experiment/E1.jpg,/experiment/I1.jpg",full,limited,1,"4i27Fz5qafX7Bnk2g,PGzw2pLrWYYbjLFT4",PGzw2pLrWYYbjLFT4,false,2
jbNPQDaixXJiohdHT,2024-02-01T21:59:25Z,jbNPQDaixXJiohdHT,GXvtWgeBWwWH4Rbac,"877TKcPQ2Xfhc4EhQ,YsfrSQZyGvuKBQ6uT,rJ7xEfkLR5v8bzFch,v26Dmb2w8nCifsSMb,HWzpTvwriQJvm5k9t,CLCBCb6usXbx6eFME,Z8JEiEYYqiJpiQkpv,iFN2e6CxEKBesxn4M,eFmctgsCBz329F2Kj,h6Fimt7ZDJReMX666,ARTdpxnWuBaf9T5Dh,5ny6M3JhTHc6749Fb,fowENd9nCnuw6mJeC,bB6Eqx3g7brop6iFo,79z9FFWKZX66zCwWv,Q3x7qbvghoyX6ptzd,37bc2BGrR4iN9xMn3,37xaBDvC3f3fABH2R,Ey7sK2MPtMJMpYHXK,7PRgqBCPr6At2s2Kc","bSXB8Kvy7TpMFsPkb,fx5Fzjt8zxmirFQRR",nZtbjuHifKrTHbjpR,2024-02-01T21:15:21Z,setA,"/experiment/B1.jpg,/experiment/D1.jpg,/experiment/E1.jpg,/experiment/I1.jpg",full,limited,1,"fx5Fzjt8zxmirFQRR,bSXB8Kvy7TpMFsPkb",bSXB8Kvy7TpMFsPkb,false,2
hDejgteDNZXYTt9CJ,2024-02-21T22:36:18Z,hDejgteDNZXYTt9CJ,GXvtWgeBWwWH4Rbac,"hbDD2Yi57wegwFMA3,Sst8SoF4aN9W8mbZn,c4AmfbwyfcqBAj3hz,HNGjSZtgBHn7xbEYS,zu8mwQKvZPomm3xMp,oD6zuLX49zaKvSjkH,3CzeJfSzcQHebwcKw,xajuBGfX8JFv7EH7u,oTZuXT8DmAXSQwNTA,5R7jC78p2XYra4j4K,aPjPWmMg5ymYbxpji,8zRyHK6YGWTBAvzz3,dGCQ5RiwkEuM2sPMK,RM8cw2fGnW9rgmQ39,iucA7B38s6xc7RdGe,5C6dEcXPMprmupXjM,AgyCsy9eAmb6HEfTq,mikH7RHT7gwrXaYTX,6CtGyhpKTCmNESBe2,WycPxHRsqrKE2kNi5","6qiSqLfNv2fMQbcRP,RfHTRDn545WrsDyJA",mvuBPmubWEtLZB9oj,2024-02-21T22:33:25Z,setA,"/experiment/B1.jpg,/experiment/D1.jpg,/experiment/E1.jpg,/experiment/I1.jpg",full,limited,1,"RfHTRDn545WrsDyJA,6qiSqLfNv2fMQbcRP",6qiSqLfNv2fMQbcRP,false,2
7rW5bxtBdLL8fkRMk,2024-02-22T01:10:54Z,7rW5bxtBdLL8fkRMk,GXvtWgeBWwWH4Rbac,"bFYmg48Ld3FfGFfBh,dM2ubCstBbyosemrs,FqX4iL5B3TfbCNFMK,GbxtAA6rXFnJHqKeW,sgv5hhoRdvwCv3Ksp,qGzSoqH8EgM8Tu6qh,4jirFFooikTF2BW87,PQAesDyCB4fP9Wrsb,HW2BYgn2e93TJRqWz,KcC97kzHPfozRuk9R,hYKH33EaXjJ8ek7YW,LcEwkDcfQcpPsZeWg,Au7XNT9mhm3FDoaFD,xonpRxcxLMt9otZnT,b5M5CBfcywcpcaGru,YEgqqyBF66NYEcRr4,7ErdnXjNY4g6y5Swn,EzQAygC2eQghiMffj,eC8MHMqkCJ9piFTgq,ceovR5YSCdwXgPZuw","DxqFxYuC3d9ZDPm7G,emmB74j6Y4qj9dL9G",Ndd2h6i9wmd87CSXn,2024-02-22T01:08:28Z,setA,"/experiment/B1.jpg,/experiment/D1.jpg,/experiment/E1.jpg,/experiment/I1.jpg",full,limited,1,"emmB74j6Y4qj9dL9G,DxqFxYuC3d9ZDPm7G",DxqFxYuC3d9ZDPm7G,false,2
wXoP9BNAwSL7CPTzv,2024-02-29T01:33:28Z,wXoP9BNAwSL7CPTzv,GXvtWgeBWwWH4Rbac,"aC43fLPXs5HrAQMGd,3knqS3tjmpRFzBJM6,MP9T8XJxB6PZQ7G5i,3vg6dStShjWy4QnzA,RkvukZYHtuaPKMS5e,Em8PoAAAmmEqykAMW,g5XA8GTGbL4mRjE64,Jgy7QzmNjJTNGyNbg,WsP2BrJztp9cgzZis,8A9i6nD8SDHrv565B,Xr5DH3nCmXZHxaxds,ZZpCbKEkFJjCKirPQ,Dg6enXiahcRdrRq9c,iFKxaFhauf3TmLq8Z,KsHrytf4ojwNbT7P3,JxJ2RqA8g762nfPFA,eTJw89zmGdcLcz94r,fgYugDhyfgHt6NwBv,wzPgD54YzpEEEQRbS,GicLdvac8qiCMp4ZM","LJLa9jLkZ9Ji4fxY4,c4x6PkknAhdX8KNte",dN4Yh9GG8zSGNmJfg,2024-02-29T01:27:52Z,setA,"/experiment/B1.jpg,/experiment/D1.jpg,/experiment/E1.jpg,/experiment/I1.jpg",full,limited,1,"LJLa9jLkZ9Ji4fxY4,c4x6PkknAhdX8KNte",c4x6PkknAhdX8KNte,false,2
ThwGZaPh92iRQFR3C,2024-02-29T01:44:19Z,ThwGZaPh92iRQFR3C,GXvtWgeBWwWH4Rbac,"GARmNxeG9Qrw6C7mr,oNTSoijFra6LTg4NT,cYjeNgX7qCK4PEs6X,Tgp4akqtX3t3mxKYt,SmH9eTJXciRrBN6bT,KXYdZ7vyqLmWJ5sYB,SBhqm6bmSKvsTxskm,Hkzncn5YBEYXSZSPa,XkJ93NCLGzpihrJjx,EjBN7ARNXyQmunpJF,tofMQnaANj7MKsJpy,k9wPqwQCfXXAKJR8G,s7fzfjQJAEsNE4jFY,NnGG6krMCCQbje6yt,tZLKwFkX3a7qReo7o,p3bsCw8zLSFk7jzjP,zvppb3ZwJoNT67Sns,ycJkESNrnrCmNvftZ,ZPbqw3p9LcF97LYdK,HGHbkwK8qezF6kTH5","D7zNExRsbmDuQE8BA,NkEfxFsufTY4zwL6Q",MNfasKAgp7E8avm2j,2024-02-29T01:39:43Z,setA,"/experiment/B1.jpg,/experiment/D1.jpg,/experiment/E1.jpg,/experiment/I1.jpg",full,limited,1,"D7zNExRsbmDuQE8BA,NkEfxFsufTY4zwL6Q",NkEfxFsufTY4zwL6Q,false,2
yNxLuQYs99rgcor8k,2024-03-08T21:43:31Z,yNxLuQYs99rgcor8k,GXvtWgeBWwWH4Rbac,"Ah8MFp4GSJkp98JGT,LeLvWWM9n3swZbXYX,gXxTiHuPWBBhLQCt9,c8uxZsHiPtSEw7kwa,rkziGcGkCqEe7QNWF,fu4QjxstcnY3gRyPo,qxMMnWNnX5tStFMRd,fvKeZP4Df5i72dtDm,ewAkL3ZWDvuPx2quh,vScvSxmzZdzaRTsrf,wEy8MbZARqYBeQpkM,ZMX8c9EEQ4vdpBgjk,D5app2bLNeW4wWcgx,Y8nn9FbLEiF27SfzS,RPKX6rTsfrnBuJG6w,2qpncpqg2SsSht2mt,6HEMRtK3PWtsEZKKo,7rhoRCmmkircBcs4E,EXhjB9JJWJ6EioeSj,rCRqmr5f3kQxwa6H4","PYxun88yozSroCR6v,ecwgPWwDLrYhMKyMF",usvjneF4QoSHHhJHu,2024-03-08T21:36:16Z,setA,"/experiment/B1.jpg,/experiment/D1.jpg,/experiment/E1.jpg,/experiment/I1.jpg",full,limited,1,"ecwgPWwDLrYhMKyMF,PYxun88yozSroCR6v",PYxun88yozSroCR6v,false,2
mA6x3S2KxjWJRLBhv,2024-03-08T22:29:15Z,mA6x3S2KxjWJRLBhv,GXvtWgeBWwWH4Rbac,"cSZ799qWYHuB9QD5Z,NFnRtH3KmHkXoyFZN,h9ELjCQ5JBSQA9thN,L59ZoWjAhXkejRqXS,xCnTKtnxy2geLyBDt,rxYTMMm4yqrfEwkH8,aER3asuDsygmJSBJv,H3jercnSxcjhjkRGZ,w6wcAYX54tnhuAyrM,Q52WqfCeiSaDz5mwr,q6xchoKrCYr3hpTQt,CBJH3uKA6S7pcuvKz,Qu9ssbXfrQi8k39dR,Qq8NyzuQJ3MQ9toLx,n6hDY35szRauYwZbq,3JSDeXyrLes5rwn6N,D3ZxBAirvC8qwC8sN,xYh56NxPwvjn7SJ7L,mqcnX28fo7RWPAaEH,tMvw34hE3Sx2trd5q","ToHiQRtwQreEmwwT4,jj8Ff4tfRP7PfsuyA",9JF3MyauhEGrc5Per,2024-03-08T22:16:12Z,setA,"/experiment/B1.jpg,/experiment/D1.jpg,/experiment/E1.jpg,/experiment/I1.jpg",full,limited,1,"ToHiQRtwQreEmwwT4,jj8Ff4tfRP7PfsuyA",jj8Ff4tfRP7PfsuyA,false,2
2SbQiwYJb6yCs65kq,2024-03-13T21:19:21Z,2SbQiwYJb6yCs65kq,GXvtWgeBWwWH4Rbac,"R8yfq9cSgcBP9yH2J,AG9T4JLZ2fP28dvzM,dfi7oK4vZHaFEPnnv,E6e4tdNgztyuY4DmW,yzpLGAt6QTErZSdGM,4DamHJgKLLuy54RhZ,SjH7phCQWF4EjkHcv,wQfiYYMY2JCi8vtu8,QPSyrikHhHsZPd75A,PxntjTnLTygsKe8Qj,ybpuyHq7bPQGKMk3d,HzBcMZ4si4NSbQCCD,3Ccjyeuho8JynvLdo,zi8mbN4iNAt45QiEZ,5rxsszpu626Rz2r8L,XNHH9Thg86N9zX6Pm,LmLGtyN9emh6TGqKX,a9fFBjgTSDPEzqkWR,enD8jH5sGuz5J6gEa,ysWaGZvRSbY5aopR3","X9xNaQFxKbC2e9fbv,uC2Hn364eCJkQANoc",JFMRSpBTuCSzQdNbC,2024-03-13T21:01:03Z,setA,"/experiment/B1.jpg,/experiment/D1.jpg,/experiment/E1.jpg,/experiment/I1.jpg",full,limited,1,"uC2Hn364eCJkQANoc,X9xNaQFxKbC2e9fbv",X9xNaQFxKbC2e9fbv,false,2
MNMWiBjzQi8sZSRsW,2024-03-13T22:36:25Z,MNMWiBjzQi8sZSRsW,GXvtWgeBWwWH4Rbac,"KypT4chHoS8XodWjn,jYW2NTiEmxbaC3ZYk,jZsnhc9Xf7fmTmcoi,jC5n5Dnv6mBdZcBSi,YeSJ8LoH2nwKJpHwd,WsXAc4v6rWNSnSmNr,65TgbvTgv62rQPwCa,idvab8CLqZdGMtR4D,GHukgYXkceAxjREyp,97yZjB7S7Fj6s8A4e,hbHGgRzptct2Zx9DT,AKeeD2dnqYckZo2fy,z5sYXRc5xsfqKvf7W,LAKG8Q8axBSvj7nLv,NgmjW499ETandocM5,QTJPJvrGt22ZqSXF3,E8BE7AP8catES3Yy7,fad4ChF3pqZFMur8s,kYSM8ah9zPpMervs6,9Db9kNE9adsRpge7N","RHrZooFDyYmHZFHCe,SesyhjC4zCmFkxeT5",5qCb6jbMptevxa8yK,2024-03-13T22:28:29Z,setA,"/experiment/B1.jpg,/experiment/D1.jpg,/experiment/E1.jpg,/experiment/I1.jpg",full,limited,1,"RHrZooFDyYmHZFHCe,SesyhjC4zCmFkxeT5",SesyhjC4zCmFkxeT5,false,2
TDdHXhZK29W9z7d8H,2024-04-10T21:09:33Z,TDdHXhZK29W9z7d8H,GXvtWgeBWwWH4Rbac,"yieELQy6mZo6EHSi8,68BxgiNzwiaDHbqfi,XnP5R759yQiNkTwAE,enjpA9rgy3hvk4JYd,DcuaRLRdw2KmTQraa,QSS7D4vMXpY4ct7pc,whRRM8yrtxLxg6rgZ,Yp5r6iQE3fXSibffT,5HbPhc6Jwad9k2jWJ,LLdwHdTPS9xcqSdrN,EfTSmx3BCATMTsfEp,yY3CJWMkPWuZcPSAp,9p7uoB9uzKxufjnQ3,pvvQ7yPGGEebJr6PS,XstYcyJTH5cDiET9G,XyExupWeLcgkARonh,heTtpJWfBp7vNuuzM,W39nyJjJMR7NDyWiK,3p3wvPjEzSkCD2Gui,DeQBP7StAz568JPCi","44AvMCLLPh3R5LSew,winzLi5x3sKeido86",KEGcP6JWS3oNKCxCx,2024-04-10T21:02:35Z,setA,"/experiment/B1.jpg,/experiment/D1.jpg,/experiment/E1.jpg,/experiment/I1.jpg",full,limited,1,"44AvMCLLPh3R5LSew,winzLi5x3sKeido86",winzLi5x3sKeido86,false,2
R83tnLDcgGTD3F4SR,2024-04-10T22:28:19Z,R83tnLDcgGTD3F4SR,GXvtWgeBWwWH4Rbac,"zntvLjFwC3t3RYoNG,PqYoDKmQCvfKbBDBa,TbCHJcEPRG9J5D5YH,Fe48XEp2E3E4P52F9,gC9C7qoccXGGnFbHC,bxKuH5YBe3XdN5v62,5gbPhasNBZFvp3bvW,4MxKtGej9Da4yuhsz,CN8EnGjKwbC2xqTZi,DruQ8QG7DrmdL3A3e,YTQNyr23Ks6Sf8SNM,p6bp2q5pPQYfb55hn,N2yfFWARzGXfCiQNX,4qeF759iZKESKhN3p,7y7TgTtvf3nLjZ2gR,JPhgdB2ctcs4fdEJh,vTTGL5tPgMQAr4f8q,gBYPHyeDKovtM58DP,puz9HT75Q3tv5b958,TBaZn4bqP7xrwHGrm","YqQsuWk7ZmsvX4y6x,dmbkYstoeSsZqfz9k",6x8AqZ4At5SsEzaGR,2024-04-10T22:23:22Z,setA,"/experiment/B1.jpg,/experiment/D1.jpg,/experiment/E1.jpg,/experiment/I1.jpg",full,limited,1,"YqQsuWk7ZmsvX4y6x,dmbkYstoeSsZqfz9k",dmbkYstoeSsZqfz9k,false,2
KPBNaTzQ8rxDECjgD,2024-04-12T22:32:08Z,KPBNaTzQ8rxDECjgD,GXvtWgeBWwWH4Rbac,"JdpZr8zZHLKw4yQ42,kPWnNaEhKQi4oTzvM,vuqYWkTx625zbzb3y,o8zEXPkBFWXmDgnA3,3TB6uaibSqxRvgC54,agLTcnDdhSakGJq4M,7XwAbmHRwWeYBvyZv,sWij7Z5nyBtaYirx4,uWuj3SGwqqPiXL8bX,QHEyh8ubFjbHKhDnD,ZgEXRE2QNnGnSw3KB,J43RQBsN67ua43L8F,8F2MKYiTcA6egPr6t,GHkHmCbYri872Pta3,wfrTJrB4uJNHgsbyy,cTNstLS25sBCNbzdZ,uNQoZpwTnBm9Sqa9W,7ez5WYMMstKLNozRX,PteRqFGvqTqwMoqs5,3t6iBw9S3DMkjbG2k","FzQKZDG5ba6TPLMHP,pGJCcvmmCp6RjwAqP",rLSynr48hC9TuoB8i,2024-04-12T22:24:39Z,setA,"/experiment/B1.jpg,/experiment/D1.jpg,/experiment/E1.jpg,/experiment/I1.jpg",full,limited,1,"pGJCcvmmCp6RjwAqP,FzQKZDG5ba6TPLMHP",FzQKZDG5ba6TPLMHP,false,2
n2qx434RYW8fxnEbP,2024-04-12T22:51:18Z,n2qx434RYW8fxnEbP,GXvtWgeBWwWH4Rbac,"AHiEZQwJFmXnxHTDe,hoAagirJWbdzvQHJE,6hNWd33EGbQnGnYJD,Q4QGGodGQekbhngkC,AsxZPQWTu4w5rCk9T,2Ka22GiPmMDoLom5M,MSyp4AGv8SrkL5mNj,HTEpsXp5YzShHHaDH,j8p6FNAzWGRgiP8Jg,kF5NemNCAk7ASvrQB,gggurfu2avFPhsgXB,Ty6rirb26NJuT3Gkp,P6J6EaLsMPtpMcETw,Kb8osRaJgm5SrTDrA,ncjtqJKSQZ5GdCdgR,4sTfyMnEMS6HbWk3K,G623Mtdqt3ERAhGxo,EN9moE3f38GLgeB43,6Hsv9W2bhPPGP9WLT,uyitZtpuonhefaoCG","eNvBDSv9jpbDj2EMB,tLjerSJXueMuGoRPk",899Bsj8zv8ZPcWA3w,2024-04-12T22:43:51Z,setA,"/experiment/B1.jpg,/experiment/D1.jpg,/experiment/E1.jpg,/experiment/I1.jpg",full,limited,1,"tLjerSJXueMuGoRPk,eNvBDSv9jpbDj2EMB",eNvBDSv9jpbDj2EMB,false,2
XA9YvXhM83Tack4qy,2024-05-22T21:09:51Z,XA9YvXhM83Tack4qy,GXvtWgeBWwWH4Rbac,"2KzWtGuN6mesvGSXc,Y2WXbMRLYGtnTsHHv,R6WtLaWXCJacXT4qk,j8jy7gMkTwZh4ZBnk,hxW33mQCc4wjhDHd4,J5Bo62gugHMvuNfnK,avntQcucMnTqXAxGm,kEPo3E4WzdnWPz9e6,wRpahuGFSNuey7YYx,GRmtys4eu6evTjMMB,aLevZo3NW55YCiQsh,DoyeTcNAPDshzvkhF,KSnxHjzTfDcio5tCt,pDtjjKenH6uHKR6HJ,zRqNjgWBwNTEbRsEJ,rhRyJs2NmmDxZuodf,xWzuE9C3HJfyzKd6K,4xgEyMSoCyLfWMCqQ,vvosKkpPX3ovoFQy3,YPFnmS2S6LJd4BSLH","R4kpBMCfLjPmCGjHw,xFHSqNqpYeL6FJsph",3Huvs3Tvh6RMEMABb,2024-05-22T21:02:58Z,setA,"/experiment/B1.jpg,/experiment/D1.jpg,/experiment/E1.jpg,/experiment/I1.jpg",full,limited,1,"R4kpBMCfLjPmCGjHw,xFHSqNqpYeL6FJsph",xFHSqNqpYeL6FJsph,false,2
t4pWGbYyLsPptrar3,,t4pWGbYyLsPptrar3,GXvtWgeBWwWH4Rbac,"QKMHdzAQTbZBMPZXv,zQEPCJEZHjnDEroaD,JjFvgAreSfnvFmQh8,gALDPysHS9yeYxEXa,CTnQu8orPzLuRkiKR,auqjRyKd9W4cz4SGM,MtASS4JyNiEmQSu9A,nCTwey72Srxk4hLWK,JBmM9j6BJMguAYxfd,Esucb8uzjxjphcsMx,zAXmcubZQkCfnDTsJ,jKG7ckwrATdgXjRno,vNoJRGsrbNe243yzD,GhCgb2jHZ3krZRChk,2HR87xcQdDbMc8h5E,9Tu3SJoEonohCeCms,42wJrxgepLPBPeWQw,As4Ar2AMZe2yRCj88,Rh2Gk6c3kWqEEBRyg,ZeBcPKgzYH79sfttF","bCgcGxuBwvvKoqDDf,dXYf3uYrb47drAPc4",fnQekFvtKAoX8hBaf,2024-05-22T21:31:47Z,setA,"/experiment/B1.jpg,/experiment/D1.jpg,/experiment/E1.jpg,/experiment/I1.jpg",full,limited,1,"dXYf3uYrb47drAPc4,bCgcGxuBwvvKoqDDf",bCgcGxuBwvvKoqDDf,false,2
uidAFavaAGAqJ8HYY,2024-05-22T21:41:06Z,uidAFavaAGAqJ8HYY,GXvtWgeBWwWH4Rbac,"efi88T8zeMzMhWza3,RBEj6eB4SLCzhsztp,HQtKepy9dHaKJa3hg,W97Lgoso3GRQo97i3,CDYEiW9TrAEL6Wn2k,8mENs3ZribAZeepRX,DCzjkZEJtiZxaMji5,bvqGDRW3C7M3qXGRi,kdzWcpKBcLYREafxN,GsAAL2bKzBpEXMDoi,hp62oYnkqd8gfErso,se6T3NS6CgT66Rsa4,ifpCZ59T3yZiK2pig,qQZ7T6s5WNWmrYEmm,oGqkSX3L8Qguvn3bL,ovjzH6riJjJdx6ZfE,dErZZSeoJC8gob3aT,vMYDY3Fk9jg4asvRb,ccvKdyoGcAxRz6BwA,M6Bt2ZDfMEWKmtg4E","KFFQNQ7pvBSuzuGLW,cyrcy2HBFcNBtsg4h",WDA7FHDym2nBbpc8F,2024-05-22T21:35:08Z,setA,"/experiment/B1.jpg,/experiment/D1.jpg,/experiment/E1.jpg,/experiment/I1.jpg",full,limited,1,"KFFQNQ7pvBSuzuGLW,cyrcy2HBFcNBtsg4h",cyrcy2HBFcNBtsg4h,false,2
XHYAxKnSNRMEbigrq,2024-05-24T21:19:46Z,XHYAxKnSNRMEbigrq,GXvtWgeBWwWH4Rbac,"H7ownQT5GPuvoRFKf,93g2HvtHDnYa3CPaQ,RDGevBzawYKQ8QvfY,tZuT7vDDBEn59jsGu,4XwG64Dn9xvWsqb3t,4J5wdqZDiL9CAMQ8y,foHbHtDg5YR5w9Yi8,eAYYfs4mW7Go76cpd,AajRyFciHEmvLRvKh,hEXxr8PyoxnGBNgit,7tNJ62Y4wW5twPokR,7ZxStbNFvBrpj5Fpa,8To2Dw8SN8baHqq7m,gsDbCLB8r52odgDcm,jNCviETFeHuMCdopQ,xYTS2r2PSqvFhJ2pp,NsWEf4NNFJAo6JbYs,bHykYbzxP48kp6PqN,BwzW8QqPfJSjghqNk,egTZ5PudgB3qtWuYe","rYQCSSd2cuFN8iytE,x9GdMs72QeL9tzYLK",yueirKW4jfwkdQwY4,2024-05-24T21:14:47Z,setA,"/experiment/B1.jpg,/experiment/D1.jpg,/experiment/E1.jpg,/experiment/I1.jpg",full,limited,1,"rYQCSSd2cuFN8iytE,x9GdMs72QeL9tzYLK",x9GdMs72QeL9tzYLK,false,2
sfLKxjjG6efGYekzK,2024-05-24T21:38:04Z,sfLKxjjG6efGYekzK,GXvtWgeBWwWH4Rbac,"G9K8TnaAqMvgFkjka,9km5ftWZaSwigYZhZ,f6nEMqmqGYyQfGDXy,JnB5nrZPPFZjgddvT,TYh3tDfbC7vjpKa6w,6LijfHzbYXeYDeDim,doRckfgFNJNauXBpa,NiXx4wFn4nRQWtmtW,6bYw7EEFFFj4FEs7Y,Ko4gksYojtssWCjWA,srS29kdXMeJazYYg9,SZ4WKcXqYWdvPy49d,tctDFDqvcSxuQKHto,fNEuuYmpafBypYNzr,XdbWa9Km5SitxdWz5,P3D2tJbJ87B8kK4EH,JGW8xNDwWWnFXuEqx,8sMFzgCxsRsgf8C2J,NwDvLJmb4HSyRKqud,cumhSBwbRBGeLapbo","LXceLbLw3TggdGY6N,Q2B8YYWA2iCgX9NJD",F2rnniwmdLLAySRvA,2024-05-24T21:31:10Z,setA,"/experiment/B1.jpg,/experiment/D1.jpg,/experiment/E1.jpg,/experiment/I1.jpg",full,limited,1,"LXceLbLw3TggdGY6N,Q2B8YYWA2iCgX9NJD",Q2B8YYWA2iCgX9NJD,false,2
Qx7HLhhMwYRCosRyX,,Qx7HLhhMwYRCosRyX,GXvtWgeBWwWH4Rbac,"rW3pGwxwaFYbrn4DM,eXByYnxmA6PrQFKzW,hDHCDJN2N57WhMcrh,dR3XQyrbnJD986EHP,rxtM2KkpQX3XtyJCN,7PWTYG9pmq7bFM2rY,ND9iJneprphYdugQs,9BoGDNR7wLBLJJKAo,4PaKdwBbRYWR2GrLc,ySosDdzidok4XwbpE,sJQnGEppz3uQwTsPm,JceP6D8RgYv3B2kxS,BcQeNGGztYebGfbXc,SNNXAzbijSvHXSmj4,scJokzhkBQZsgJwKM,7WPNXdvpjAA4aCmcm,pd3Xc83JzWSbyEqcM,n9ZgMfq2oKc6xdNDz,C9DkzSwf9x7sYLNjY,LFRfmKe36yRvcLmHB","8tkeGX73sYjXZ2Stz,QtLrotQ93ezYGxqrD",LNbscQj5X5FTHPYj7,2024-05-29T21:11:15Z,setA,"/experiment/B1.jpg,/experiment/D1.jpg,/experiment/E1.jpg,/experiment/I1.jpg",full,limited,1,"QtLrotQ93ezYGxqrD,8tkeGX73sYjXZ2Stz",8tkeGX73sYjXZ2Stz,false,2
EaHFpvRKrAeZqnBz6,2024-05-29T21:38:58Z,EaHFpvRKrAeZqnBz6,GXvtWgeBWwWH4Rbac,"CdFch5tFcaPwELcoB,SkM8eAajZsZKadQRr,ngYgH4Rh3nJc62mR7,8JvgjQQLCgHwLZN84,FJpP9kHSG7vi4khEY,QXd9GkGTjNfKNZx56,8TzbgKk6efKzFJ5Ht,t55z8jrhjo5u8BBnv,ypwygDQyRyvcMDdQM,nRn7rtwwTMdwfJCT2,RR3tKvSgWa7kxkJuL,PaNcNsHmEr45QSntB,rRJfy6jt4BoapbnDg,Bvr9d9tYaWytkccpw,uZQ7PnHJevviQo6Mp,QcsodXkaBx8eAJvXe,cLoazfnvXPv9rQTDt,68LmaxKz4f3jriLHB,WwMjB3ni4Atxuyeji,JhQvBEWErpMwQikHr","ciAi77ozvS6vJpgq4,fzJoXvmjSoKcdaBCF",CxWmgFKzbDAwW7wN3,2024-05-29T21:27:50Z,setA,"/experiment/B1.jpg,/experiment/D1.jpg,/experiment/E1.jpg,/experiment/I1.jpg",full,limited,1,"fzJoXvmjSoKcdaBCF,ciAi77ozvS6vJpgq4",ciAi77ozvS6vJpgq4,false,2
pxT5YubmAaAEgd9T9,2024-05-31T21:33:05Z,pxT5YubmAaAEgd9T9,GXvtWgeBWwWH4Rbac,"Q6gptaJ7QQgiyTnQD,brrhPPhKe8N5t8Xq8,9qFfbMsHMntuWwooB,NzJbY7Xn22bJtFNMJ,hfhPqu25NwFhpA6DG,n4dFpAnnzPH7Qz34E,875yR6WWhPFQNHshC,LZhmXkwH2y7PSGaNW,kcoNdGGeFrtf5pGro,fZJ9fpeJgexWCXNFS,qXeFDHgQrLvt77QMd,Cd8dt4HrxwLrkDpBN,Z8YkGm5vfu6fNa8JD,frG2EXaQ6Ma69L2RQ,Rm69m2M7hoMKJQFdG,ZSkCtJceK6yqvNjXM,MhWfoYWgfGE32espC,zRrivLyakHDzRcb2a,cHzL6NN8rFdBMKLDp,HQQmmuX4YjxcWiqyG","Ha65QcSCAZP8vorq2,Nw4PKQk5SmPathdy3",vvGwqLWSMxGeqT6eB,2024-05-31T21:24:02Z,setA,"/experiment/B1.jpg,/experiment/D1.jpg,/experiment/E1.jpg,/experiment/I1.jpg",full,limited,1,"Ha65QcSCAZP8vorq2,Nw4PKQk5SmPathdy3",Nw4PKQk5SmPathdy3,false,2
uT4ySBFpCWunpYMmn,2024-06-05T21:10:34Z,uT4ySBFpCWunpYMmn,GXvtWgeBWwWH4Rbac,"N8dDC9dXzFrqQuhr8,3uxtEtF93zphNMmfX,JgEgtBoG6Ewjc9G9W,svLrgt42k5Rtaetpy,HHjCaeKnCsJXpCTE2,Y5ctRt7o7TXPM8Rwp,x65gj7ittXpjCB8iJ,vPPexbYJcsa54QbGC,MMhLEj2Fpmbi8uj3z,XyKKK5LFmPi9DdsYG,psuWPQ8A9qQaPxQPr,RLwEtXv4xesesnKHx,8ijqLNzWpcGcHn77T,d7kQuWyphQ649SS8H,M73dQtJFB8ZbXushs,KN2qCxtMYT5SyhWRx,qetKTgrJzKTjEiyBL,upy5vSgCNcv3dGz6a,PkqJCqkSN8rWWFyGm,gqWtcqKpLx2R8xgcN","eacmPfRPB8NnMc7oD,ttZtD8yeHN6N4WvxC",3i6M48gjdMNNzPRKZ,2024-06-05T21:05:50Z,setA,"/experiment/B1.jpg,/experiment/D1.jpg,/experiment/E1.jpg,/experiment/I1.jpg",full,limited,1,"eacmPfRPB8NnMc7oD,ttZtD8yeHN6N4WvxC",ttZtD8yeHN6N4WvxC,false,2
iRoAhttnXMgZ4Fw3x,2024-06-05T21:32:14Z,iRoAhttnXMgZ4Fw3x,GXvtWgeBWwWH4Rbac,"rZjWSM6YY2ZXjXt6q,vqvhmWW7iQ8T9bWSA,xqhLn3KeZPSwz2W2q,reXhWDgiWtSjRfczz,mHtZJtzXtDF9Sh7vj,pwfkbHYHnkh4SWjQN,zoyPu2jxoK4qxuag9,G7bxBQvtgiajdSRTM,q7MBmoJugxZzD8xFM,8NaMycPKZLcsRNgiv,E8PcAuh6E9m7PKtqt,7vpHQLJ7AvvRJN7A7,M3WG3tSwiYnBNsnrR,SDTmRM483jn32P2hY,JwayWdH6x6aT3wAgH,WexD2A3Y7wmtfkMBd,b5PJ85bYqBbtCECj6,YfXucmEjQKmAAg5mJ,kjh6JreKDhwccv7kY,j7sHw8cQNqt6ecpDR","5qrMbszerrfKzRHTs,WscJqrmfh4nwdNHyR",QAqRucjgdAhBxWdnC,2024-06-05T21:23:52Z,setA,"/experiment/B1.jpg,/experiment/D1.jpg,/experiment/E1.jpg,/experiment/I1.jpg",full,limited,1,"5qrMbszerrfKzRHTs,WscJqrmfh4nwdNHyR",WscJqrmfh4nwdNHyR,false,2
xJgA2tzRuhyqvTtHH,2024-06-24T21:02:13Z,xJgA2tzRuhyqvTtHH,GXvtWgeBWwWH4Rbac,"SqwePm2BT3zA5ctpL,nehK25S7hmuyJdRqL,A58kNSDYNNvpMPrwA,Fi2u8C4uXEqmde9yw,ju8dNkMJTYscPYSjb,7icPwzBTEWkQK8hfC,fyKTydNowspqKCyh6,ejmKPaCcDj4cRMnLw,787frQtBzg7ztwGg5,u3fHtjZZLH9dFtWvR,7KBB2a64hBECZ44gk,YtovFaWSqbpZC2ak3,fZ8hERifC7WSFu8o6,goRfhH8jchMtZQKw6,X4XZDDLXSQYzkfohF,tM94Pr2WzKGAJFSr9,tDCHCWjNa2GnD2E3N,XNt5orpF8WL3AjYfX,3P426dTRdCZQHYBBM,TPEru6nENdrpMYfcL","PdT5myDNwPPhXD688,YF9JHdcAyHefCYf6w",C3Qn5jGXZQfBGFruQ,2024-06-24T20:57:07Z,setA,"/experiment/B1.jpg,/experiment/D1.jpg,/experiment/E1.jpg,/experiment/I1.jpg",full,limited,1,"YF9JHdcAyHefCYf6w,PdT5myDNwPPhXD688",PdT5myDNwPPhXD688,false,2
JWfrJE4ihdvp5J3aS,,JWfrJE4ihdvp5J3aS,GXvtWgeBWwWH4Rbac,"sfQ86Ki4eKoiudBM3,j23vZsgSqWXvvo4pD,CZiXGKEbqxAuMjaqy,rk7NRXERQWD44eebD,PTs4rEuMRQCi8frWz,6ihgMkc3JzgcGLPYs,QrZcG2dm2hktyTMqn,XmZuLkJh3ee45rDXx,FcwGtKQycj7jn9v7W,8rEJNkvxeuTcBopeQ,zMd5HHHfyiqbb8gyq,9St3LxYrj7y5oGPMT,NfvWre3TrbNeFGgTM,pAwccR54MocaSqK2q,DAqWRFFPAm4a8HSkL,duk66dGwzbF4N4wBb,Cce4qzrK9hK9txF2L,RTwnZQkwLPennA3LK,GMoibhiTzMF4CnG9L,LHCcDAoazAqsJGuDM","3PTKq2k9oKr4kTivx,f3j8Fhi9Q4pdaAXCt",WPXDFyrqJos2Jtjr3,2024-07-03T21:45:08Z,setA,"/experiment/B1.jpg,/experiment/D1.jpg,/experiment/E1.jpg,/experiment/I1.jpg",full,limited,1,"3PTKq2k9oKr4kTivx,f3j8Fhi9Q4pdaAXCt",f3j8Fhi9Q4pdaAXCt,false,2
QGMdzEERgzZ5FkRTd,2024-07-05T18:16:43Z,QGMdzEERgzZ5FkRTd,GXvtWgeBWwWH4Rbac,"5axkc5L7veJQ8K9uQ,m3ZjovBf2NGzn6ruT,J7hemqD8mj3NkkdMa,GvnuFSGzgEiGrARnP,nGPyBfss4MTkQjZP7,8HWhBzfZRLtxvy64S,yX6EgTrNDMKbc4TzP,yuJLMFzNzD4kjha9c,Dt2E2L8LgED84zWnG,XmFmCS5qfAieCt2v9,xNpyQ8JBNkMAhWSHe,nnCWwyMDbTjaZSZiX,jwoA92QxYsTHmgZvq,4kF4DEBWXwgzsdteJ,z4eKocjpnjeMqHdCB,HtWXzqjXTL2pLA3RZ,fNadYETn7RC4wkrWs,ReGgr3nSTzx6ep3Jq,T8EXLStqxGZAHFNaW,PskLY4J3cosmi7r54","WQBjiS8Nk93iWjbuy,nWq9NHEgSZMQ8XM3p",7pNx8fmSBQpunqbPP,2024-07-05T18:11:23Z,setA,"/experiment/B1.jpg,/experiment/D1.jpg,/experiment/E1.jpg,/experiment/I1.jpg",full,limited,1,"nWq9NHEgSZMQ8XM3p,WQBjiS8Nk93iWjbuy",WQBjiS8Nk93iWjbuy,false,2
qAfpxTajS9YwMSmjY,2024-07-05T18:37:08Z,qAfpxTajS9YwMSmjY,GXvtWgeBWwWH4Rbac,"84pvkvBz84T4DSLyS,DiJJRNssfMJsK2gvy,gMHG3JhyLYF9qZLsz,zLa6ycdpeP4DxpAAR,aQp6fYkghYy9fTMFu,SxNHfbHHQ7pQjjcsJ,E3hoH6CWYP6Azh7c8,qWCu2bBPBq4abQA8d,4BEcR7KpM3s55WvZw,HoTLkPcSaXPymqMTc,D8HHj79JyEY4Z5sar,boqD963hf7tSHJWWY,JrypxWzm8xe8z9egW,ojB6q4tz7QXTL9vA9,TX2AdZEefdfP92aXx,Lkqp3AsEe8abuBqBW,5xtrYFHywJ4NLCTY5,uLrRTsDGkEq7iE6ZS,yT7cazrChgc4uFyeo,WdC3wcasYWvHDqghn","SSmwubqK6Ls4Xun2d,aat9Yz8XYbCvs54an",mkrtE4A6gby7zc6dW,2024-07-05T18:32:11Z,setA,"/experiment/B1.jpg,/experiment/D1.jpg,/experiment/E1.jpg,/experiment/I1.jpg",full,limited,1,"SSmwubqK6Ls4Xun2d,aat9Yz8XYbCvs54an",aat9Yz8XYbCvs54an,false,2
8nKnSaKQMALZFJCFm,2024-07-08T21:04:29Z,8nKnSaKQMALZFJCFm,GXvtWgeBWwWH4Rbac,"SdHWJDyipTPYGsaQw,4TbJ22t5NqZz3i8wE,fvLkWcLF4SYMNJs39,jmtQf5doaap7omG2L,rJaQm97YXJjW6CQnR,NXdzSC7SNBENHtRS4,XhGyDhAAioWQwB6md,FRNAj6gPesTruDAt8,eEaC9XRiL5zePARnx,7WBT2Sj8RkmSw7FsC,giStJYxM4L9h3W7WQ,2jMDiTTBG4z86sZZp,PCyLgMLmNTgn5aYEL,GtH3LPeyDoEDd5KLc,rBbdeSqQ3ndxvwwtp,v4cxoehBveinjzqBZ,eHbD7jcg6uLQKqB92,S47poia8Tk5tA9L5S,fdqrfZWtf7bPQCJGk,QrAXRJ9EEW7ZHhQSv","4bH4nNLSzbSPmh9zv,56K58QwQ9n5pRwAfN",vFSB7ijs2XRids7jM,2024-07-08T20:55:45Z,setA,"/experiment/B1.jpg,/experiment/D1.jpg,/experiment/E1.jpg,/experiment/I1.jpg",full,limited,1,"4bH4nNLSzbSPmh9zv,56K58QwQ9n5pRwAfN",56K58QwQ9n5pRwAfN,false,2
Wasyvjdg7yugpCSaF,2024-07-08T22:32:35Z,Wasyvjdg7yugpCSaF,GXvtWgeBWwWH4Rbac,"mmtauBdoa7M2ZKSwt,8hGydFAZ5zFXk6mbj,sRJoqcdCJLrXwoE3F,oWeWc4jQgREGKg2Zm,3Y8udJGM86eHGKuph,peChhgkaQAfiQtMfw,nsjbSMYzJPJHzMjN9,R6Wwnmmy3jZBue9X7,Z4RPfLuwsABjGNArP,eFCmutN6x8Ka4aYxJ,EEdRYn9iNgFHtvLRx,Ky3ix7CKJo9wEngsJ,3WDKpzMSx3eSY9of9,iqhuYSDnFvMBGBLdh,o7QzHCseRDPrdzFWN,DX5FTrbXaqtYhWksY,uEd8sPYRynXY4Hi3i,fBLghWHc8wZyz4fqN,R623TDgw9Wi2M3fNy,o3fT5TmeSsGYeT5WH","QyEFzF9h6cQRDeuMB,gpGwZ67sSuynG27dd",oZsD8r75XMkNgTu5A,2024-07-08T22:25:19Z,setA,"/experiment/B1.jpg,/experiment/D1.jpg,/experiment/E1.jpg,/experiment/I1.jpg",full,limited,1,"QyEFzF9h6cQRDeuMB,gpGwZ67sSuynG27dd",gpGwZ67sSuynG27dd,false,2
Wm4AvWkcFEBQdeXkF,2024-07-08T22:48:34Z,Wm4AvWkcFEBQdeXkF,GXvtWgeBWwWH4Rbac,"cJCaRFr5bL7urPZyF,qChwECJQDaiy2jqs2,e57FoBZzyFs423wzw,DrEaMqqK7Aog5yEBZ,qqELSJPDe5s2Sao4P,TFNpLY8jRcjTMYdok,yDEP9nAFfkpnN8EWY,fMcrquiwCfMbZnzF2,3PDtp8ML2GRWeAqNR,RBQC7R9nN6fu73y7o,LPmhPp44jcrPMwo4m,YPetdZqg3XCKX5Njh,k7um7M4gJZYi4qb4v,CH3Q629wG6ewzdB3S,rQMxroHrPTD7Aa7E7,pTFRds8JeKKxYXchP,kqe2HzSgwGDD5Qh8N,w4s4pM97DoTSfBmrA,JHghdPG3wDKKBHNwJ,D8SjZauZoAciNCDF3","3EHXcEcTFEv3snp25,ZkKwiugesBCvPbYEf",8dnF9mRCR93LJCSJd,2024-07-08T22:35:05Z,setA,"/experiment/B1.jpg,/experiment/D1.jpg,/experiment/E1.jpg,/experiment/I1.jpg",full,limited,1,"3EHXcEcTFEv3snp25,ZkKwiugesBCvPbYEf",ZkKwiugesBCvPbYEf,false,2
6NZ8uhHHsyQ9m8jRC,2024-07-09T16:55:47Z,6NZ8uhHHsyQ9m8jRC,GXvtWgeBWwWH4Rbac,"NeHvd9wijGLfJfZmG,BsAEc3T9J9bwbLq4K,yhwyNtcPMxGtqWA8q,4nzTAunYg3v274gpy,GN3zCq5eDb6KMwmAs,4Y38jRogbyAuQPGGk,g2CQ5qESXT7jemWBB,Sooo5BktqR9zJRvig,fzM7Yhan6st54efkQ,mhaurTx795Evsoj7v,4Zp95EegTaaAMLwAR,s5h6EtyfwXbCtYYLi,tSFrWraqLvmSNKxN7,6gHcminopuBWZ3Htt,YzTTYvmi8sFS7PQjT,Qoosun8hxC3Mzfdzb,GKZH3nHP2gR3jMnjd,3AQYnJBnb5rn6qzzs,vYeuBpwcPgEQCuve7,DRLrrQnEowcA5d96g","WNZuSbmMnKf5AeenN,jSS5pZu4x6eyAJGHh",Q5Wgu3mSyQpxXWQi6,2024-07-09T16:47:47Z,setA,"/experiment/B1.jpg,/experiment/D1.jpg,/experiment/E1.jpg,/experiment/I1.jpg",full,limited,1,"jSS5pZu4x6eyAJGHh,WNZuSbmMnKf5AeenN",WNZuSbmMnKf5AeenN,false,2
DD5546uyAjpEZB7Df,2024-07-09T17:59:35Z,DD5546uyAjpEZB7Df,GXvtWgeBWwWH4Rbac,"D3PxmWiF28TX4g4ty,rS56bPqidmcCH2hnL,KTZDi5pEN2Se6pXrq,Mn3fdAn9X7bcGnieh,KgxrBeoJ7PMn79eRi,ugipJ2uu3ngHjYvCG,mCrhfT4KDdDipNagw,WJwyc9JtTGG2m3eJD,TdXPesX9rvYeHHfMi,d7feAyXRi4RckfAxJ,SeDvf7wwMrsTuadnd,ABc7Tkf2dePMQ3ByF,eMTGpKugpn7YPmMg4,EaeBXKuhXd9ab36x2,WaCQWLgNMLsErXZiX,Qr5rxpzxGFT62kZAb,qJpASW24GA8rLmSSs,Da4joeJ7johTmTNEW,HH4MuwD3KWjKi3sF9,QCxHtAbcyZwBTeXfL","tBh4yNpWL5amgZRsR,utG5NgnYPB7QdEdsr",LLMSD5AgmAy6wP7nB,2024-07-09T17:53:51Z,setA,"/experiment/B1.jpg,/experiment/D1.jpg,/experiment/E1.jpg,/experiment/I1.jpg",full,limited,1,"tBh4yNpWL5amgZRsR,utG5NgnYPB7QdEdsr",utG5NgnYPB7QdEdsr,false,2
ku3ztvaAALvwJNEFk,2024-07-11T16:57:24Z,ku3ztvaAALvwJNEFk,GXvtWgeBWwWH4Rbac,"yc5rLFBqgwW8YMxE5,N8hnGrrW9Y4cATK7W,ZQZG7bCxaR7u5QMcQ,pBeuMthvYfRWZqbMW,YiisprPJLW2PR2iNT,5xNmMxrn9zFZCvZkW,vBeDjvKmnWk44a8ga,bJkugKrgzXEFgbx3K,NQQ4kbKjmTnk7QQuA,CxAiMLaqfyKFtEgWK,zhBc6HtfQSsNxGgR3,tYx8WBi3ZvTYFZwJa,fvCDfW5PqY9KDiQP4,2B49xuhr5NycuEC3w,QmseTQq8a2E3aTqaD,j4rnXmXFjJjjNH7MP,zijAa55ye4B9fdaaK,pbm2XJzEm3A2bPboD,WLap4F7rqNh4STCWr,7akGNTsR7t84wuYJd","EEt67KQ3a7TFHxpNb,PJ8m4c7vL2BLHDavL",2sB2BFhtL63JncXQy,2024-07-11T16:53:26Z,setA,"/experiment/B1.jpg,/experiment/D1.jpg,/experiment/E1.jpg,/experiment/I1.jpg",full,limited,1,"EEt67KQ3a7TFHxpNb,PJ8m4c7vL2BLHDavL",PJ8m4c7vL2BLHDavL,false,2
WcEaqZRmgk5YCnxPZ,2024-07-15T21:41:30Z,WcEaqZRmgk5YCnxPZ,GXvtWgeBWwWH4Rbac,"3WX6YbfSofha9z2YP,HLFGJQ9659NSHSLsp,4SX4YAoxydBYQQ4Li,hGFyTjyph2yJsRYHa,TWLM2xYWHgALMBiNA,4LRky4djgZ3NL2TB3,DdSLfMANs4Xwb7RA3,KnXxRSjynH7KHPFAg,fG3Xbr7yirvc6hhQZ,w9DArzjFLqxDupuXi,4ZELMCR2DowQ8KJi2,6JZrz8yDCAiKuwoS6,hpdgXzRWRHnNLZ4Pk,RLs4GioiNhLidYPAL,8jE9p9wCAW7NM7aQr,Xsm3BX6iYt5dp3cxm,PyDNvh37kq8CfC8km,ZTX2vKMQ7xPYWdKpr,i6X3GzXkeCQdKSpKy,vzbfywmD9YBcK37G8","ESJMCRgzyTqh7L2zh,pK949SkHeh58rAaMw",Kvgqow99X557639Br,2024-07-15T21:31:14Z,setA,"/experiment/B1.jpg,/experiment/D1.jpg,/experiment/E1.jpg,/experiment/I1.jpg",full,limited,1,"ESJMCRgzyTqh7L2zh,pK949SkHeh58rAaMw",pK949SkHeh58rAaMw,false,2
8Pg9tqNTkvAHXD4YW,2024-07-16T17:08:16Z,8Pg9tqNTkvAHXD4YW,GXvtWgeBWwWH4Rbac,"wjv52DQsivwrorpXs,w9z5TNapPQrhXdSyh,2PjXviJJeHRkcM6rT,vZQCPhkcuxdofdpPL,fu6pryeXR97Av4xiA,6Xbb8ms4QraeoGvbH,uEthJJqt9cnFrDYy7,CoYr5vdSoQ8xMw3zc,P2WH6vGGM2vKprpg3,xcTSeWbFDQk6x8Yhz,Hxsy2az4Ehdwu88Aw,ZBHGrqjiMkr8Gz8cu,v8ZQCCyqspSstchAM,RPQQTyGf5oSmH5KTJ,8kLD5ffrfDR7FteCP,uJKKYRvpjmysSD8zG,DL2mEFhFpruFYc6Q7,4kcZ3jvBhKcWCH8i5,W3bpYdtyXL56FGAFZ,hiQW4agtbXsuF3jvc","Hz7fe9B6nETa2Tx4E,uGTjXyfPq7WgE2mQ2",jSDzQTxPZLYrpKRa9,2024-07-16T16:59:37Z,setA,"/experiment/B1.jpg,/experiment/D1.jpg,/experiment/E1.jpg,/experiment/I1.jpg",full,limited,1,"uGTjXyfPq7WgE2mQ2,Hz7fe9B6nETa2Tx4E",Hz7fe9B6nETa2Tx4E,false,2
D6vdTyHjB9pWy9oTk,2024-07-16T17:59:37Z,D6vdTyHjB9pWy9oTk,GXvtWgeBWwWH4Rbac,"zv5Tv54zppcLYW5fF,nhE8nigs8ckyZL8tM,gJ3JuC6m3i4H6G5jz,tjRhNjxZTq3K2bd6N,NJ54uBexzWKftD8o7,puLbhEfy8MJzfzTmA,i4dDREKnfcWxKJdXW,J3uzJd7RBGdgc5jXa,yreY7hFDpxBD2SxbA,y3ssY5HnFXv9ncx4z,fD67xWtAqLLf3ktcR,PNJe2jhGvvuhx9qjz,uPSJbfmn4a4DpEGjY,Nk6RHhGYxC3bwbja7,5GcCuLz8WZ44KiRML,cMCbXHDepKQfzosTE,wXDEZeQzaFTBmnCoL,QSWwHCQznouQzxTj5,AjyMBruie5R6BPgvr,Eso9xA6Wsoe7nQDjQ","F6PawLeFoySsTWrGz,p7LCznNiuftTY9ERr",eTJBiyJofPnTWn8gy,2024-07-16T17:53:30Z,setA,"/experiment/B1.jpg,/experiment/D1.jpg,/experiment/E1.jpg,/experiment/I1.jpg",full,limited,1,"p7LCznNiuftTY9ERr,F6PawLeFoySsTWrGz",F6PawLeFoySsTWrGz,false,2
F35AwXNeMjhzbWkKq,2024-07-18T16:49:53Z,F35AwXNeMjhzbWkKq,GXvtWgeBWwWH4Rbac,"wbFLFGP5mbqvn3pqy,vcF8f3zddp2Cv28p8,CJMJdcGEv8HcoG4Ee,5zcwxnQX5T5ZeNS6r,G4TCsKsr6MxqsQSKu,xsaEFPs82YzfGmxGr,q23ebiY2fhsE35jo4,Q4mcNtBgPuuHEAA28,NXhLq9BT7Sn4CDW2k,wab3G5y9eq7ghTXcG,siMgoR64AbZpSwPSk,mrhm6hK4uLLoZtdqk,vD5iMwZpecBW92wWP,KxxPALdZK4hkjyKm7,SLPobSErvJM4Pcz9b,cgovzBobnNmcEcs4d,zQi9TwWzLb2FoFCvk,tCtzKwWAyTSYqwk4j,vSSTqqDZaTtusBwqD,TPrk4WGfcHCvtRxiN","3GL5EmQqtFMuxsWDL,3fGxsRtnQ7kCX9NHT",PXJ5pQErdzNBSukXH,2024-07-18T16:43:10Z,setA,"/experiment/B1.jpg,/experiment/D1.jpg,/experiment/E1.jpg,/experiment/I1.jpg",full,limited,1,"3GL5EmQqtFMuxsWDL,3fGxsRtnQ7kCX9NHT",3fGxsRtnQ7kCX9NHT,false,2
xwPovSuJgpqMFZruP,2024-07-30T16:28:19Z,xwPovSuJgpqMFZruP,GXvtWgeBWwWH4Rbac,"2TcAPCokv4GaHd8Zj,29w2ysfhjWkMgKrur,jRj4y9fwvHcLihBnD,rMGHLWdzvaDRvpdqG,Sk4htd3XRTRJuWEuj,CZkABJGAYhvsJG4ML,yi8K9W9YPngnPqLh7,KgM7CiLKRhfoid7YF,vCua3F4TbGQmbJBCy,cfajvZpqd2zFAQQQk,AeTSigGHpAuaWcAHC,uhjrtJ6rHvDnEWb9a,yNzxg3GYnE59FMz8e,x5kmbRgrf47sfYWYX,pkN24TJCdS9b7D6wu,2hr2DMGrnKzawugyj,DRhQhvHSRE5M2QAZo,8Jh8tvBh7jNxacTM4,dcEh2w4TAFaCb7Yqs,8zMThPmWPHbZmCiGN","hFAWXzZwwTzvBc68K,iGpaGvwjgFTdecTJ8",RDf4CYmwCHkbnzqet,2024-07-30T16:22:14Z,setA,"/experiment/B1.jpg,/experiment/D1.jpg,/experiment/E1.jpg,/experiment/I1.jpg",full,limited,1,"hFAWXzZwwTzvBc68K,iGpaGvwjgFTdecTJ8",iGpaGvwjgFTdecTJ8,false,2
xCb7R5sWCQw6TeLGA,,xCb7R5sWCQw6TeLGA,GXvtWgeBWwWH4Rbac,"cqw929MgLyREvPRdr,gbydpiqmrdpJYxoTX,xFcsKCWdQfDkW35nt,YBTYBjofEBKJKKiqH,wsykY5pJEHYvpKY5r,n7gp7gHNoqtGY9fhF,GWm8N9iopyt6WWnWd,zHJYqAcBNZXtS2Bj4,24oEKKcmBHaSG5Pgc,hn4mYBciA9KCZRJMw,w63PXkgPX2ZQCfMPi,FwhT3whWmPtBLfWXY,643sxm9PyjGTbm2DY,mEj9R9YuCX4AZMX4Z,HXY3BqeGH4mm2dkEa,4mo6Xy45xKbxvbKjc,6PDhTmffJxSsE3GD9,CWYeubHckyB8iABbf,Z7p95BTvNu4v2ZuEg,q9ngsmQMdgeQHL2Mu","2Ssat8tCCspLhWmnJ,E3mdMraJw9exQzdT6",qmjZE2Lii9QjrBFC8,2024-07-30T16:57:42Z,setA,"/experiment/B1.jpg,/experiment/D1.jpg,/experiment/E1.jpg,/experiment/I1.jpg",full,limited,1,"E3mdMraJw9exQzdT6,2Ssat8tCCspLhWmnJ",2Ssat8tCCspLhWmnJ,false,2
5LuHx6piA3FAjEEvF,2024-07-30T17:57:13Z,5LuHx6piA3FAjEEvF,GXvtWgeBWwWH4Rbac,"8gLucJH5vvpixwgXq,xr2zfoLCiWAc5sCSH,7m85WrsepQNbBZwaK,zATTwCx2TKfL7FLj3,E4pBJBGG9En7MbLdk,gn5eJNonJbM7ehKeo,hpWjpNhzWdFakyqov,oNhoyGcA9XD39zeDx,6tCHA7AcTGxkzmkTL,jaNgJ6i9aWi9souXK,mjW7JumFsHFb5YoWQ,ZcqxASwt9YvLG9hSu,DsAKANoydwS3dFLLR,sK95BSWua5hScvpnB,Rt4k9jJsSMe63YWoK,9BpK46Cg6SRAt6whW,jQuG7fSFkiYnFeCdF,mREZa7xfrKcDzX4Xb,YgwrPM5hCJs4oeP83,vyrBCooWra2NreBhu","8SaLFtQXBKTtFF3KX,zR2Wrmt55GTDN7Qe6",gCNnF5TCTZB3tRqMp,2024-07-30T17:51:44Z,setA,"/experiment/B1.jpg,/experiment/D1.jpg,/experiment/E1.jpg,/experiment/I1.jpg",full,limited,1,"zR2Wrmt55GTDN7Qe6,8SaLFtQXBKTtFF3KX",8SaLFtQXBKTtFF3KX,false,2
yubEzRSKnPkFZDJWS,2024-08-01T17:12:45Z,yubEzRSKnPkFZDJWS,GXvtWgeBWwWH4Rbac,"mxc9Xu3DhSXY8DZnE,DNGBWMHzkh9tRkKtG,vQmTMJwSGESkm9Gfn,Dk7d7uLbxn3Cg5Tvk,vA4axKR4NQSgQ2Lqf,3DZbr7759kBfPryJd,yvATDkqpT2LKDYto6,7Af7GmMjJi9LRx85t,6bEJeJfBJrBocELBS,yEqLfsex6f559sLQT,FH37FAgZQ2GYBddST,SMkY5GHc4uf8w7ehB,9c6XJdeYLPhvpi5AF,cwygEgLDbfp2zyvmg,xRYyvyc9pzMRYdTC8,nxrvEghyKKyf7Lk8E,KfpmidoM6JA7N4dGX,zEWY2LqTy5ndb8pPf,DbhDBhtK8CLxveLZX,F44GDemj2NjAJ257k","rekRTimhWtbJGGM2Y,wvyeXQMfTsXddKkgu",xGavG43DppYkk9466,2024-08-01T17:03:22Z,setA,"/experiment/B1.jpg,/experiment/D1.jpg,/experiment/E1.jpg,/experiment/I1.jpg",full,limited,1,"rekRTimhWtbJGGM2Y,wvyeXQMfTsXddKkgu",wvyeXQMfTsXddKkgu,false,2
GdxgdDaNrmnpHhnSc,2024-08-01T17:58:26Z,GdxgdDaNrmnpHhnSc,GXvtWgeBWwWH4Rbac,"eWpzo82p3stD2ZKCq,ZxYX5Fuj9LGn5vsLM,fXCem9FarDMrFPbvL,8Tj5s7MqBgevKWXXL,9g2mCF8QyxucMmJan,4TqnmNtS3FfqPvpDX,xvY7W6E3BJWnFYvvk,2essfe6AJkRktxoMt,fQasZAq9vgiMT4YHx,N9G3qMEtb43QZM9hE,WhXgirdTZH279nco5,ZLAkiTSGiFTxqqrfc,BgTdeCXujNi5dkKfZ,ncHMbvhTN3MwjsoWv,TsC6TtCMjhpHJBjwi,zkdu3D5NzupLFp8sA,9WzvNQxdLxxNcTrvC,CbZ29gwojwT8MxTGT,ECc7KwEHQzKovWQEm,YsZZaP8A2BizaToQ4","HuWo5rcEtvg4QqmJd,TsMyCYubNAAgEz7am",a6umph7LbtPsYQzYw,2024-08-01T17:53:36Z,setA,"/experiment/B1.jpg,/experiment/D1.jpg,/experiment/E1.jpg,/experiment/I1.jpg",full,limited,1,"TsMyCYubNAAgEz7am,HuWo5rcEtvg4QqmJd",HuWo5rcEtvg4QqmJd,false,2
ZdZx6K6ecNYj9KbGY,2024-08-01T20:38:16Z,ZdZx6K6ecNYj9KbGY,GXvtWgeBWwWH4Rbac,"t7BDDwqor9jadoN3r,qRX9JeYGnFBknmNWN,B77TH8Ji4ub6FXxrJ,8hEeATCLZvQxduaWP,v8Y2zRHwQyb3gawLK,4Dh9nEd4CotRwqjfJ,jtzQd5D8vyHan2YQX,xjiyes6yFLnFN3Rpk,R5rrnATuxhE7WPxGG,6xyRG6zss7JsQNjmr,iRa7tS45FGefamtbW,vBtJqQS4fyTJerapk,LLnXpDkQ7zqzwFr7w,j33sk66BewbXNzYee,HaXu9f5pM6MvsZw4j,qxzqyB3pzrMc54TJk,As3rCafAoGqWHf2uz,KSEcZP8RM5RWpCBTT,CvHmr7AgKG7ucrabA,HLRiEDQ9XiamKSZk3","hSkGjJJWZev73avWz,kFxJXdMeA2HaNuppu",7mvw6D8WKectJ25wq,2024-08-01T20:33:11Z,setA,"/experiment/B1.jpg,/experiment/D1.jpg,/experiment/E1.jpg,/experiment/I1.jpg",full,limited,1,"hSkGjJJWZev73avWz,kFxJXdMeA2HaNuppu",kFxJXdMeA2HaNuppu,false,2
dB9YzNzRys7hBXjzu,2024-08-01T21:37:01Z,dB9YzNzRys7hBXjzu,GXvtWgeBWwWH4Rbac,"m9DKAGRRGac5iir7d,ekvPpsuQBS5thaZZH,Cj7HhCHSRmXziA3Rr,GLmQq36ukxmQdz5SM,MXqM4rxRaamgiJ5PE,mE3Z9QSutEq9ufKRR,ht2ZKm2K3Bei65FFw,cGYd3roeWnsto7vKb,grxM3T5J3ThWmmrWv,F2Ku46mk79RzH7Cxg,kwqQ2uqpAhbE3ghj7,NZc3JkD6HxooEE3W4,dgyRvtqwRu5n8Ysnh,LEgnz2FfiBHYK5ox5,G7DPEkx2HiSA5MKQd,xBEjwZnXcwNfTkKMF,GHaE57wxouYK3sLSN,aF8r2jw5Cxex6HCWX,KQHu4NTPCssNA2GmC,jFvSdNRWrNiTqP3yD","BqmtqePzJ6Bww2JMA,ZQdyhwezzj8QFM2pf",ay2gPorBbjeAB5SnT,2024-08-01T21:25:54Z,setA,"/experiment/B1.jpg,/experiment/D1.jpg,/experiment/E1.jpg,/experiment/I1.jpg",full,limited,1,"ZQdyhwezzj8QFM2pf,BqmtqePzJ6Bww2JMA",BqmtqePzJ6Bww2JMA,false,2
eqxTepQjfWyhW5s7a,2024-08-01T22:33:14Z,eqxTepQjfWyhW5s7a,GXvtWgeBWwWH4Rbac,"Jsyi4ujdCZv387QhT,uGSP3LF2XzBeJ7wN7,6szaLMSeKETHdj7pY,kjZGWJ92knw84hSoC,sbLoAkGJrNFaB8GHC,fncWmXYLrTmSJz9CE,sgRqxKjZ23a6ZHWmP,iRRkTbPsmDApqXYTf,bSvDhkpM4KB5as6W4,KYpkmmXfMEqX2kDFL,SDZzgM6CJD9D8GQSq,BAGND4wZzFjygF6bY,HjRyoDjs7RT677mme,rZ5dKLSbDBaeWvL5K,KtbZejMWsgfQBsE6s,kibaof69iw44AJ36b,farDEeXgiqGE7TYCT,z9FRTReKbZA4tZqi4,ftfXyRPTjzaiT7d2K,CNvKov3STrDpZziXi","Lvki9NJikQ4RGPpd3,bpsfnzX3ofrwzZtQE",9JPyTfxW3yexFDLQD,2024-08-01T22:23:39Z,setA,"/experiment/B1.jpg,/experiment/D1.jpg,/experiment/E1.jpg,/experiment/I1.jpg",full,limited,1,"Lvki9NJikQ4RGPpd3,bpsfnzX3ofrwzZtQE",bpsfnzX3ofrwzZtQE,false,2
Doyf4BCTAGKcZo7rC,2024-08-02T21:25:36Z,Doyf4BCTAGKcZo7rC,GXvtWgeBWwWH4Rbac,"SeW7ygmPFLDnwZBQM,zD3DJsaRoa6ChBCKb,nq5MuAkiEMNWMuoS6,bv7QaLiN9ozA79jw8,nWENdcypZAtFqQGui,yc6iM9nkYqnWHugz9,cwZbcuio3YbHWW4wi,pKy8754Depmx5teEd,CjQwXEmNfyPRa6jwE,rtcfMmXJseJKorawq,jg7efKqhtNXYRqsay,6KYpsgtR8J8xcWvn8,PtZ5shnDkv4NDW53c,FY6vryar6Lz5kdcbr,o53yWAGFoBY4cpeQW,WAjjrN5G7HDxsQaLd,cwqZ3Qu3CmKCG2CGD,qZ3vfEHzQa3JvxXYy,3wefEA9JgaCrjP96e,hG5yw4hXYQbKSpZPN","fRuZncWXCE9L99CBR,pKar7pTzFFC5ysRoL",tifm4B4HhhvCuPHDJ,2024-08-02T21:19:55Z,setA,"/experiment/B1.jpg,/experiment/D1.jpg,/experiment/E1.jpg,/experiment/I1.jpg",full,limited,1,"fRuZncWXCE9L99CBR,pKar7pTzFFC5ysRoL",pKar7pTzFFC5ysRoL,false,2
GCpwyMdn9qNTNhyqf,2024-08-06T16:34:54Z,GCpwyMdn9qNTNhyqf,GXvtWgeBWwWH4Rbac,"MPGmaKQf4BsdThXvT,NBFv8ZypEWnTiGEQk,Tcsv7cJJfuhd6qdQz,42vaJgRPFp4KYQb4w,Jn3LzFPPvtHXkE7JJ,CrXQJFeN72gaXG5GT,KwRGmcMhoRDGaSuwP,HnkdShD9QSJz6xRBG,TKbyScYQWvjpu8MdX,ny9bwSKSPAWjP9TpX,dwAK8khvKknro5bMH,vkdLEXSCXkuvtMMw6,crWbw3oqS63stHJBs,ZaYB935zR4xBvXgRs,uphdtK9SbkLuLFAY3,cg4owKbXvu5gMnA4L,ZzTFLBcgj7KoDyzX5,MxyFsbBxMBPAYCPDd,DM4kaXmYNwBB2cgRz,bXSfG2ZXHHGj3Pyt6","2tXPo3BLSmr3j5yeq,a2nu9vtnbKPTjo5EY",KFkTDodDju3vjyNcd,2024-08-06T16:29:33Z,setA,"/experiment/B1.jpg,/experiment/D1.jpg,/experiment/E1.jpg,/experiment/I1.jpg",full,limited,1,"2tXPo3BLSmr3j5yeq,a2nu9vtnbKPTjo5EY",a2nu9vtnbKPTjo5EY,false,2
S9c9v6fAqdxuedydx,2024-08-06T16:53:36Z,S9c9v6fAqdxuedydx,GXvtWgeBWwWH4Rbac,"4RC8iNoe5j26WSXJY,Tc3McwBW3uqwrQQnX,Tbuv9g8hu8XnW8vEh,RJ2tKu9K5qd3r3cWF,7taq7zKKs8DhMvBAM,46ucoqXq6m9Njn872,9HJmzu6c55i2KDPe4,SHC7MMnKJesjoZhpx,X3szjmoNijrCiLNWC,sK7LmK8mf6Ndd8mRL,h8u73Px3KG6ovpGMY,6ma9oG9GkiRoauByw,qNXuFA6F8nynNTHRM,nnzd6WGB7zZh7MRBM,yKDRhEqSi77bx5RDu,KD4nqr7J3wR83TfcL,LbMTQwyGWLx5AAyJj,GeGaYynagAb9rhf9r,t4H3WhbtymFDgCYpz,2i4Q9cJKFsdPuTK3M","5yHkv5QFdrf6qLYeJ,RX5Dioj9vYGLEWAH9",FzL64RBhibPf9BSKF,2024-08-06T16:48:31Z,setA,"/experiment/B1.jpg,/experiment/D1.jpg,/experiment/E1.jpg,/experiment/I1.jpg",full,limited,1,"5yHkv5QFdrf6qLYeJ,RX5Dioj9vYGLEWAH9",RX5Dioj9vYGLEWAH9,false,2
RZu2haHpawM28eRuK,2024-08-08T16:43:02Z,RZu2haHpawM28eRuK,GXvtWgeBWwWH4Rbac,"rLN2swPBPA5Fy22zp,toYtRmc4PtJBb3mZZ,mfXcQFh8ehfPDhXFL,XzsrbRkMwgQztZifo,4BCNteftHLX4JwSiN,hGjo8Mobz4PMCN9yn,aAiotbPJAA5JJG2ft,PSovdgcs2EWXeCdzQ,bxsXsXgKEpF9jrBj8,zNgPKRpK8ZtTR4jWQ,MwYwjuCE62kjB4XgD,LcRtTagSA7yM3uAxK,WfsWjEKiFTMh2oZhv,7zMNnjrWNTbS3A6ga,Fc4NTxshfFccvNcLY,etEBvRkprQtLR8hCf,4azWmJES9WzHLBEg3,PdAnzP63G9TdTKiNN,q55qCSs26k6ucN8FC,L3i4gMZGLsppCFmqF","DH2C4R2cDzNh2KiEE,cNr7yvedfAHLGNgi2",vnRzsee9sdkHfiKAy,2024-08-08T16:37:35Z,setA,"/experiment/B1.jpg,/experiment/D1.jpg,/experiment/E1.jpg,/experiment/I1.jpg",full,limited,1,"cNr7yvedfAHLGNgi2,DH2C4R2cDzNh2KiEE",DH2C4R2cDzNh2KiEE,false,2
6FrMxuQqHPG6BQ4id,2024-08-08T18:00:57Z,6FrMxuQqHPG6BQ4id,GXvtWgeBWwWH4Rbac,"6B5PHYtM2smMt6dra,FfJj7YdJEuFX4uBLK,evrFYGtqTSL8QoYZ9,qZMpPkvf9CYPAxXYg,4stQcAR8o9ef6hTh5,qTeWA5hm4Mb6qoShy,FdPHMXYF2QGjDserT,a4tvvzDcXq7gZAkP6,HAnqopP3AcsA4xjdJ,LTMsMsLGXyYzvYJpW,qR8dMok3Lz3NDL7Mz,AbK4QZQYMBbXtk9s5,2tzTLctkhNYZEwKGn,FKXhZu5dSxGeDgCyz,fC6Rzoa5CyqTuntac,WN6xS2v3NiQTdJmHA,6WmdPfPcSp3cabQRL,xae3KmmTLv94qvu5T,Lcwp4Qvzo2CupsRRm,W8FoBZfn2thC5yXYC","WsFynTcESnRu9RH6t,dtnKX7TikEPnQu7cr",f7oQqu4ro8SHMdPau,2024-08-08T17:55:12Z,setA,"/experiment/B1.jpg,/experiment/D1.jpg,/experiment/E1.jpg,/experiment/I1.jpg",full,limited,1,"WsFynTcESnRu9RH6t,dtnKX7TikEPnQu7cr",dtnKX7TikEPnQu7cr,false,2
